storeNumber,address,monFri,saturday,sunday
STORE NO.384,"Ružina Street 63/71, OSIJEK",Pon-pet: 6:30-20:00,Sub: 6:30-20:00,Down: 8:00-13:00
,,,,
STORE NO.251,"Ljudevit Posavskog Street BB, OSIJEK",Pon-pet: 6:30-21:00,Sub: 6:30-21:00,Down: 8:00-17:00
,,,,
REVITA 38,"Vladimira Nazor 109, DONJI MIHOLJAC",Pon-pet: 6:30-20:00,Sub: 6:30-20:00,Down: 8:00-13:00
,,,,
STORE NO.248,"OUR LADY OF VOĆINSKE SQUARE 2A, VOĆIN",Pon-pet: 6:30-20:00,Sub: 6:30-20:00,Down: 8:00-13:00
,,,,
STORE NO.3115,"Mažuranicev trg 1, REKA",Pon-pet:,Sub:,Down:
,,,,
STORE NO.704,"SVILJASKA 36, OSIJEK",Pon-pet: 7:00-20:00,Sub: 7:00-20:00,NOT WORKING
,,,,
STORE NO.3117,"Varaždinska 64, POLJANEC",Pon-pet: 6:30-20:00,Sub: 6:30-20:00,Down: 7:00-12:00
,,,,
STORE NO.4113,"Ivan Generalića Square 3, HLEBINE",Pon-pet: 6:00-20:00,Sub: 6:00-20:00,Down: 7:00-12:00
,,,,
STORE NO.4112,"Matije Gupca 4, KUNOVEC",Pon-pet: 6:00-20:00,Sub: 6:00-20:00,Down: 7:00-12:00
,,,,
TRGOVINA BR.4111,"Hrvatske Državnosti 36, HEREŠIN",Pon-pet: 6:00-20:00,Sub: 6:00-20:00,Ned: 7:00-12:00
,,,,
TRGOVINA BR.4110,"Kuzminec 110, KUZMINEC",Pon-pet: 6:00-20:00,Sub: 6:00-20:00,Ned: 7:00-12:00
,,,,
TRGOVINA BR.4107,"Stjepana Radića 65, GLOGOVAC",Pon-pet: 6:00-20:00,Sub: 6:00-20:00,Ned: 7:00-12:00
,,,,
TRGOVINA BR.4106,"Štaglinec 38 c, ŠTAGLINEC",Pon-pet: 6:00-20:00,Sub: 6:00-20:00,Ned: 7:00-12:00
,,,,
TRGOVINA BR.4105,"Ljudevita Gaja 1, VIRJE",Pon-pet: 6:00-20:00,Sub: 6:00-20:00,Ned: 7:00-12:00
,,,,
TRGOVINA BR.3104,"Miklinovec 105 A, KOPRIVNICA",Pon-pet: 6:00-20:00,Sub: 6:00-20:00,Ned: 7:00-12:00
,,,,
TRGOVINA BR.4103,"Antuna Mihanovića 60, KOPRIVNICA",Pon-pet: 6:00-20:00,Sub: 6:00-20:00,Ned: 7:00-12:00
,,,,
TRGOVINA BR.4102,"Koprivnička 12, KOPRIVNIČKI IVANEC",Pon-pet: 6:00-20:00,Sub: 6:00-20:00,Ned: 7:00-12:00
,,,,
TRGOVINA BR.3101,"Potočna 8, KOPRIVNICA",Pon-pet: 6:00-20:00,Sub: 6:00-20:00,Ned: 7:00-12:00
,,,,
TRGOVINA BR.2100,"Ulica Braće Radića 25, SIGETEC",Pon-pet: 6:00-20:00,Sub: 6:00-20:00,Ned: 7:00-12:00
,,,,
TRGOVINA BR.2098,"Martinska 44, MURSKO SREDIŠĆE",Pon-pet: 7:00-20:30,Sub: 7:00-20:30,Ned: 7:00-12:00
,,,,
TRGOVINA BR.2097,"Matije Gupca 88, PETERANEC",Pon-pet: 6:30-21:00,Sub: 6:30-21:00,Ned: 7:00-13:00
,,,,
TRGOVINA BR.2096,"Frankopanska 11, MURSKO SREDIŠĆE",Pon-pet: 7:00-20:00,Sub: 7:00-20:00,Ned: 7:00-12:00
,,,,
TRGOVINA BR.3093,"Budinščina 9, BUDINŠČINA",Pon-pet: 7:00-20:30,Sub: 7:00-20:30,Ned: 7:00-13:00
,,,,
TRGOVINA BR.4090,"Okrugli Vrh 62B, OKRUGLI VRH",Pon-pet: 7:00-20:00,Sub: 7:00-20:00,Ned: 7:00-13:00
,,,,
TRGOVINA BR.3089,"Starogradska ulica 2, STARIGRAD",Pon-pet: 6:30-20:00,Sub: 6:30-20:00,Ned: 7:00-13:00
,,,,
POSLOVNICA BR.102,"Soblinečka 66, SOBLINEC",Pon-pet: 7:00-21:00,Sub: 7:00-21:00,Ned: 8:00-13:00
,,,,
TRGOVINA BR. 2088,"Ulica Pavla Kvakana 1, ĐELEKOVEC",Pon-pet: 6:30-21:00,Sub: 6:30-21:00,Ned: 7:00-13:00
,,,,
TRGOVINA BR.2087,"Ulica Kralja Tomislava 5, LEGRAD",Pon-pet: 6:30-20:00,Sub: 6:30-20:00,Ned: 7:00-13:00
,,,,
TRGOVINA BR.2086,"Ulica Kralja Tomislava 22, DRNJE",Pon-pet: 6:30-20:00,Sub: 6:30-20:00,Ned: 7:00-13:00
,,,,
TRGOVINA BR.2085,"Josipa Bajkovca 44, SAVSKA VES",Pon-pet: 7:00-20:00,Sub: 7:00-20:00,Ned: 7:00-12:00
,,,,
TRGOVINA BR.3084,"Pleškovec 160, PLEŠKOVEC",Pon-pet: 7:00-20:00,Sub: 7:00-20:00,Ned: 7:00-12:00
,,,,
TRGOVINA BR.2083,"Josipa Slavenskog 22, BELICA",Pon-pet: 7:00-21:00,Sub: 7:00-21:00,Ned: 7:00-13:00
,,,,
TRGOVINA BR.2082,"Čakovečka ulica 5, VRHOVLJAN",Pon-pet: 7:00-21:00,Sub: 7:00-21:00,Ned: 7:00-13:00
,,,,
TRGOVINA BR.2081,"Glavna 18, PODTUREN",Pon-pet: 7:00-21:00,Sub: 7:00-21:00,Ned: 7:00-13:00
,,,,
TRGOVINA BR.2080,"Trg Antuna Mihanovića BB, VARAŽDINSKE TOPLICE",Pon-pet: 7:00-20:00,Sub: 7:00-20:00,Ned: 7:00-13:00
,,,,
TRGOVINA BR.3079,"Braće Radića 40, SLANJE",Pon-pet: 6:30-19:30,Sub: 6:30-19:30,Ned: 7:00-12:00
,,,,
TRGOVINA BR.4077,"Toplička 131, GORNJI KNEGINEC",Pon-pet: 6:30-19:30,Sub: 6:30-19:30,Ned: 7:00-12:00
,,,,
TRGOVINA BR.2076,"Sv.Juraj u Trnju 15A, SVETI JURAJ U TRNJU",Pon-pet: 6:30-20:00,Sub: 6:30-20:00,Ned: 7:00-13:00
,,,,
TRGOVINA BR.2074,"Vladimira Nazora BB, MALI BUKOVEC",Pon-pet: 6:30-20:00,Sub: 6:30-20:00,Ned: 7:00-12:00
,,,,
TRGOVINA BR. 3073,"Ulica Matije Gubca BB, DONJI VIDOVEC",Pon-pet: 6:30-20:00,Sub: 6:30-20:00,Ned: 7:00-12:00
,,,,
TRGOVINA BR.3071,"Dr.Vinka Žganca 53, VRATIŠANEC",Pon-pet: 7:00-20:00,Sub: 7:00-20:00,Ned: 7:00-12:00
,,,,
TRGOVINA BR.2070,"Toplička 205, GORNJI KNEGINEC",Pon-pet: 7:00-20:00,Sub: 7:00-20:00,Ned: 7:00-13:00
,,,,
TRGOVINA BR.2069,"Ulica Zrinskih 33, OREHOVICA",Pon-pet: 7:00-20:30,Sub: 7:00-20:30,Ned: 7:00-13:00
,,,,
TRGOVINA BR. 3068,"Prvomajska 1, HODOŠAN",Pon-pet: 7:00-20:30,Sub: 7:00-20:30,Ned: 7:00-13:00
,,,,
TRGOVINA BR.3067,"Glavna 45, SIVICA",Pon-pet: 7:00-20:30,Sub: 7:00-20:30,Ned: 7:00-13:00
,,,,
TRGOVINA BR.2066,"Varaždinska 88, TRNOVEC BARTOLOVEČKI",Pon-pet: 7:00-20:00,Sub: 7:00-20:00,Ned: NE RADI
,,,,
TRGOVINA BR.3065,"Školska 23, PUŠČINE",Pon-pet: 7:00-20:00,Sub: 7:00-20:00,Ned: 7:00-11:00
,,,,
TRGOVINA BR.3063,"Braće Radića 1, SVETI ĐURĐ",Pon-pet: 7:00-20:00,Sub: 7:00-20:00,Ned: 7:00-12:00
,,,,
TRGOVINA BR.3061,"Vinogradska 21, SESVETE LUDBREŠKE",Pon-pet: 7:00-20:00,Sub: 7:00-20:00,Ned: 7:00-12:00
,,,,
TRGOVINA BR.4058,"Vladimira Nazora 42, SVETA MARIJA",Pon-pet: 7:00-19:00,Sub: 7:00-19:00,Ned: NE RADI
,,,,
TRGOVINA BR.3051,"Tuhovec 60, TUHOVEC",Pon-pet: 6:00-20:00,Sub: 6:00-20:00,Ned: 7:00-13:00
,,,,
TRGOVINA BR.2050,"Aleja Kralja Zvonimira 11, VARAŽDIN",Pon-pet: 6:30-20:00,Sub: 6:30-20:00,Ned: 7:00-12:00
,,,,
TRGOVINA BR.3049,"Ulica Hrvatskih branitelja 13, VARAŽDIN",Pon-pet: 7:00-21:00,Sub: 7:00-21:00,Ned: 7:00-13:00
,,,,
TRGOVINA BR.2048,"Glavna 33, PALOVEC",Pon-pet: 7:00-20:30,Sub: 7:00-20:30,Ned: 7:00-13:00
,,,,
TRGOVINA BR.2047,"Trogirska ulica 2, VARAŽDIN",Pon-pet: 6:30-19:00,Sub: 6:30-19:00,Ned: NE RADI
,,,,
TRGOVINA BR.2046,"Dravska 15, VARAŽDIN",Pon-pet: 7:00-20:00,Sub: 7:00-20:00,Ned: 7:00-13:00
,,,,
TRGOVINA BR.2045,"Čalinec 179/b, ČALINEC",Pon-pet: 7:00-21:00,Sub: 7:00-21:00,Ned: 7:00-13:00
,,,,
TRGOVINA BR.2044,"Hrvatskih Pavlina BB, LEPOGLAVA",Pon-pet: 7:00-21:00,Sub: 7:00-21:00,Ned: 7:00-13:00
,,,,
TRGOVINA BR.2043,"Glavna 13, PEKLENICA",Pon-pet: 7:00-21:00,Sub: 7:00-21:00,Ned: 7:00-13:00
,,,,
TRGOVINA BR.3042,"Kapela Podravska 114, KAPELA PODRAVSKA",Pon-pet: 7:00-20:00,Sub: 7:00-20:00,Ned: 7:00-12:00
,,,,
TRGOVINA BR.4041,"Kralja Tomislava 109, BELICA",Pon-pet: 6:00-14:00,Sub: 6:00-14:00,Ned: NE RADI
,,,,
TRGOVINA BR.1040,"Varaždinska BB, NEDELJANEC",Pon-pet: 7:00-21:00,Sub: 7:00-21:00,Ned: 7:00-13:00
,,,,
TRGOVINA BR.1039,"Radnička 1, NOVI MAROF",Pon-pet: 7:00-21:00,Sub: 7:00-21:00,Ned: 7:00-13:00
,,,,
TRGOVINA BR.1038,"Frankopanska 80, LUDBREG",Pon-pet: 7:00-21:00,Sub: 7:00-21:00,Ned: 7:00-13:00
,,,,
TRGOVINA BR.2037,"Miklavec 45, MIKLAVEC",Pon-pet: 7:00-20:30,Sub: 7:00-20:30,Ned: 7:00-13:00
,,,,
TRGOVINA BR.3036,"Murska 24A, KOTORIBA",Pon-pet: 7:00-21:00,Sub: 7:00-21:00,Ned: 7:00-12:00
,,,,
TRGOVINA BR.3034,"Ludbreška 2, DONJI KRALJEVEC",Pon-pet: 7:00-20:30,Sub: 7:00-20:30,Ned: 7:00-12:00
,,,,
TRGOVINA BR.3033,"Vladimira Nazora 4, DOMAŠINEC",Pon-pet: 7:00-20:00,Sub: 7:00-20:00,Ned: 7:00-12:00
,,,,
TRGOVINA BR.4032,"Čakovečka BB, TOTOVEC",Pon-pet: 7:00-14:00,Sub: 7:00-14:00,Ned: 7:00-11:00
,,,,
TRGOVINA BR.4031,"Glavna 32, NOVAKOVEC",Pon-pet: 6:30-20:00,Sub: 6:30-20:00,Ned: 7:00-12:00
,,,,
TRGOVINA BR.2029,"Jalšićeva 68, SVETI PETAR LUDBREŠKI",Pon-pet: 7:00-20:30,Sub: 7:00-20:30,Ned: 7:00-13:00
,,,,
TRGOVINA BR.4026,"Glavna 101A, ŠTRIGOVA",Pon-pet: 7:00-20:00,Sub: 7:00-20:00,Ned: 7:00-12:00
,,,,
TRGOVINA BR.3025,"Ulica Žrtva hrvatskih domovinskih ratova 40/A, IVANEC",Pon-pet: 7:00-20:30,Sub: 7:00-20:30,Ned: 7:00-13:00
,,,,
TRGOVINA BR.2024,"Podravska 26, DONJA DUBRAVA",Pon-pet: 7:00-21:00,Sub: 7:00-21:00,Ned: 7:00-12:00
,,,,
TRGOVINA BR.3023,"Varaždinska 24, DONJE VRATNO",Pon-pet: 7:00-15:00,Sub: 7:00-15:00,Ned: NE RADI
,,,,
TRGOVINA BR.3022,"Murska 3, GORIČAN",Pon-pet: 7:00-20:30,Sub: 7:00-20:30,Ned: 7:00-13:00
,,,,
TRGOVINA BR.4021,"Kralja Tomislava 49, VARAŽDINSKE TOPLICE",Pon-pet: 6:30-20:00,Sub: 6:30-20:00,Ned: 7:00-12:00
,,,,
TRGOVINA BR.1020,"Podravska 11, VARAŽDIN",Pon-pet: 6:30-21:00,Sub: 6:30-21:00,Ned: 7:00-13:00
,,,,
TRGOVINA BR.2019,"Varaždinska 49, KUĆAN DONJI",Pon-pet: 7:00-20:00,Sub: 7:00-20:00,Ned: 7:00-12:00
,,,,
TRGOVINA BR.2017,"Marofska 44, KUĆAN MAROF",Pon-pet: 7:00-20:00,Sub: 7:00-20:00,Ned: 7:00-13:00
,,,,
TRGOVINA BR.3015,"Kalnička 18, DEKANOVEC",Pon-pet: 6:30-20:00,Sub: 6:30-20:00,Ned: 6:30 - 12:30
,,,,
TRGOVINA BR.2013,"Trg kralja Petra Svačića 5, VARAŽDIN",Pon-pet: 6:00-22:00,Sub: 6:00-22:00,Ned: 7:00-22:00
,,,,
TRGOVINA BR.2012,"Glavna 24, MACINEC",Pon-pet: 7:00-21:00,Sub: 7:00-21:00,Ned: 7:00-12:00
,,,,
TRGOVINA BR.3011,"Katarine Zrinski 1, DOMAŠINEC",Pon-pet: 6:30-20:00,Sub: 6:30-20:00,Ned: 6:30 - 12:30
,,,,
TRGOVINA BR.2009,"Vinička 6, MARČAN",Pon-pet: 7:00-21:00,Sub: 7:00-21:00,Ned: 7:00-13:00
,,,,
TRGOVINA BR.4008,"Jurovec 20a, JUROVEC",Pon-pet: 7:00-20:00,Sub: 7:00-20:00,Ned: 7:00-12:00
,,,,
TRGOVINA BR.2007,"Hrastovljan 89D, HRASTOVLJAN",Pon-pet: 7:00-20:00,Sub: 7:00-20:00,Ned: 7:00-12:00
,,,,
TRGOVINA BR.3006,"Viktora Čolje 84, KLJUČ",Pon-pet: 6:30-20:00,Sub: 6:30-20:00,Ned: 7:00-12:00
,,,,
TRGOVINA BR.4005,"Zagrebačka 15, VARAŽDIN",Pon-pet: 7:00-20:00,Sub: 7:00-20:00,Ned: 7:00-12:00
,,,,
TRGOVINA BR.3004,"Trg Svetog Trojstva 7, LUDBREG",Pon-pet: 7:00-20:00,Sub: 7:00-20:00,Ned: 7:00-12:00
,,,,
TRGOVINA BR.3003,"Gardinovec 183, GARDINOVEC",Pon-pet: 7:00-20:00,Sub: 7:00-20:00,Ned: 7:00-12:00
,,,,
TRGOVINA BR.2002,"Eugena Kumičiča 29, VARAŽDIN",Pon-pet: 7:00-21:00,Sub: 7:00-21:00,Ned: 7:00-13:00
,,,,
Trgovina br.249,"Ulica S.S.Kranjčevića 2, Donji Miholjac",Pon-pet: 06:30 – 20:00,Sub: 06:30 – 20:00,Ned: 08:00 – 13:00
,,,,
TRGOVINA BR.372,"Ilirska 62, Osijek",Pon-pet: 6:30 - 21:00,Sub: 6:30 - 21:00,Ned: 8:00 - 13:00
,,,,
TRGOVINA BR.703,"Ljudevita Gaja 71, Beljevina",Pon-pet: 6:00 - 20:30,Sub: 6:00 - 20:00,Ned: 8:00 - 13:00
,,,,
TRGOVINA BR.701,"Zelena 57a, Beljevina",Pon-pet: 6:00 - 20:30,Sub: 6:00 - 19:00,Ned: NE RADI
,,,,
Poslovnica br. 116,"Kašinska cesta 109, Sesvete",Pon-pet: 7:00 - 21:00,Sub: 7:00 - 21:00,Ned: NE RADI
,,,,
Trgovina br. 374,"Vanje Radauša 10, Požega",Pon-pet: 6:30 – 20:00,Sub: 6:30 – 20:00,Ned: NE RADI
,,,,
Trgovina br.247,"Kralja Tomislava 1, Veliškovci",Pon-pet: 6:30 – 20:00,Sub: 6:30 – 20:00,Ned: 8:00 – 13:00
,,,,
Poslovnica 102,"Soblinečka 55, Soblinec",Pon-pet: 6:30-20:30,Sub: 6:30-20:30,Ned: 8:00-13:00
,,,,
Poslovnica 103,"Ljudevita Gaja 1, Duga Resa",Pon-pet: 7:00-21:00,Sub: 7:00-21:00,Ned: 8:00-13:00
,,,,
Poslovnica 106,"Magistratska 2, Krapina",Pon-pet: 6:30-20:00,Sub: 6:30-20:00,Ned: 7:00-12:00
,,,,
Poslovnica 101,"Frana Galovića 11 A, Krapina",Pon-pet: 7:00-21:00,Sub: 7:00-21:00,Ned: 7:00-12:00
,,,,
Flora,"M. Tita 175, Zmajevac",Pon-pet: 6:00-20:00,Sub: 6:00-19:00,Ned: 8:00-13:00
,,,,
Trgovina br.371,"Divaltova 183, Osijek",Pon-pet: 06:30 – 20:00,Sub: 06:30 – 20:00,Ned: 08:00 – 13:00
,,,,
Trgovina 696,"Zrinskih i Frankopana 71, Seona",Pon-pet: 06:30 - 20:00,Sub: 06.30 – 19:00,Ned: NE RADI
,,,,
Trgovina 695,"Dobra ul. 2, Brijest",Pon-pet: 06:30 - 20:00,Sub: 06:30 - 20:00,Ned: 08:00 - 13:00
,,,,
Poslovnica 114,"Stjepana Radića 34 , Vidovec",Pon-pet: 8:00-21:00,Sub: 8:00-21:00,Ned: 08:00-13:00
,,,,
Trgovina br. 700,"Trg dr.Franje Tuđmana 15, Čajkovci",Pon-pet: 6:30 – 19:00,Sub: 6:30 – 20:00,Ned: ZATVORENO
,,,,
Trgovina 693,"Žrtava domovinskog rata 25, Beli Manastir, Šećerana",Pon-pet: 06:30 - 20:00,Sub: 06:30 - 20:00,Ned: ZATVORENO
,,,,
Trgovina br. 699,"Kolodvorska 50, Baranjsko Petrovo Selo",Pon-pet: 06:30 – 20:00,Sub: 06:30 – 20:00,Ned: ZATVORENO
,,,,
Trgovina 691,"Ulica Sv.Križa 57, Branjin Vrh",Pon-pet: 6:30-19:00,Sub: 6:30-20:00,Ned: NE RADI
,,,,
Trgovina Br. 40,"Krapinska 6, Zvonimirovac",Pon-pet: 8:00-15:00,Sub: 8:00-13:00,Ned: NE RADI
,,,,
Trgovina 697,"Međimurska 32b, Kozarac",Pon-pet: 06:30 – 19:00,Sub: 06:30 - 20:00,Ned: ZATVORENO
,,,,
Zelčin,"Lj. Gaja 1, Zelčin",Pon-pet: 6:30-20:00,Sub: 6:30-20:00,Ned: NE RADI
,,,,
Revita 29,"Ul. Josipa Jurja Strossmayera 4, Zdenci",Pon-pet: 6:30-20:00,Sub: 6:30-20:00,Ned: 8:00-13:00
,,,,
Trgovina br. 698,"Rade Končara 8a , Petlovac",Pon-pet: 06:30 – 20:00,Sub: 06:30 – 20:00,Ned: ZATVORENO
,,,,
Trgovina 694,"Osječka 6a, Našički Markovac",Pon-pet: 06:30 - 20:00,Sub: 06:30 - 20:00,Ned: ZATVORENO
,,,,
Poslovnica 108,"Bužanova 36, Zagreb",Pon-pet: 7:00-21:00,Sub: 7:00-21:00,Ned: NE RADI
,,,,
POSLOVNICA BR.117,"Belavići 42, Belavići",Pon-pet: 6:00-20:00,Sub: 6:00-20:00,Ned: Ne radi
,,,,
TRGOVINA BR.246,"Trg Bana Jelačića 1, Velika",Pon-pet: 7:00-21:00,Sub: 7:00-21:00,Ned: 08:00-13:00
,,,,
Revita 16,"Osječka 72, Vuka",Pon-pet: 6:30-20:00,Sub: 6:30-20:00,Ned: 8:00-13:00
,,,,
Toka 1,"bana Josipa Jelačića 12, Vrpolje",Pon-pet: 6:30-20:00,Sub: 6:30-20:00,Ned: 8:00-13:00
,,,,
Vlatka,"K. Tomislava 180, Vladislavci",Pon-pet: 6:30-20:00,Sub: 6:30-20:00,Ned: NE RADI
,,,,
Tina,"S. Radića 19, Višnjevac",Pon-pet: 6:30-19:00,Sub: 6:30-20:00,Ned: NE RADI
,,,,
Lipa,"Josipa bana Jelačića 137, Višnjevac",Pon-pet: 6:30-19:00,Sub: 6:30-20:00,Ned: NE RADI
,,,,
Revita,"Josipa bana Jelačića 67, Višnjevac",Pon-pet: 7:00-21:00,Sub: 7:00-21:00,Ned: 8:00-13:00
,,,,
Viktorija,"ulica kralja Tomislava 0, Vinogradci",Pon-pet: 7:00-12.00,Sub: 7.00-14.00,Ned: NE RADI
,,,,
Viljeta,"B. Radića 87, Viljevo",Pon-pet: 6:30-20:00,Sub: 6:30-20:00,Ned: 8:00-13:00
,,,,
Revita 24,"B. Radića 180, Viljevo",Pon-pet: 6:30-20:00,Sub: 6:30-20:00,Ned: NE RADI
,,,,
Revita 31,"Zagrebačka 0, Vetovo",Pon-pet: 6:30-20:00,Sub: 6:30-20:00,Ned: 8:00-13:00
,,,,
Revita 41,"J. B. Jelačića 1, Velimirovac",Pon-pet: 6:30-20:00,Sub: 6:30-20:00,Ned: 8:00-13:00
,,,,
Trgovina Br. 3,"Staro Petrovo polje 16c, Staro Petrovo polje",Pon-pet: 6:30-20:00,Sub: 6:30-20:00,Ned: 8:00-13:00
,,,,
T-33,"Trg Presvetog Trojstva 1, Velika Kopanica",Pon-pet: 6:30-20:00,Sub: 6:30-20:00,Ned: NE RADI
,,,,
Trgovina Br. 31,"Matije Gupca 4, Vaška",Pon-pet: 6:30-20:00,Sub: 6:30-20:00,Ned: 8:00-13:00
,,,,
T-46,"Petefija Šandora 0, Vardarac",Pon-pet: 6:30-20:00,Sub: 6:30-20:00,Ned: 8:00-13:00
,,,,
Poslovnica 104,"Augusta Šenoe 12, Varaždin",Pon-pet: 6:30-13:30,Sub: 6:30-13:30,Ned: NE RADI
,,,,
Poslovnica 111,"Krešimira Filića 39, Varaždin",Pon-pet: 7:00-21:00,Sub: 7:00-21:00,Ned: 8:00-13:00
,,,,
Lada,"Braće Radića 9, Ladimirevci",Pon-pet: 6:30-20:00,Sub: 6:30-20:00,Ned: 7.00-12:00
,,,,
T-8,"T. Ujevića 4, Valpovo",Pon-pet: 6:30-19:00,Sub: 6:30-19.00,Ned: NE RADI
,,,,
Sandra,"Starovalpovački Put 0, Valpovo",Pon-pet: 6:30-19:00,Sub: 6:30-20:00,Ned: NE RADI
,,,,
T-6,"Vj. Hrv. Republike 5, Valpovo",Pon-pet: 6:00-20:00,Sub: 6:00-20:00,Ned: 8:00-13:00
,,,,
Trgovina Br. 685,"Baranjska 39, Uglješ ( Darda )",Pon-pet: 6:30-19:00,Sub: 6:30-20:00,Ned: NE RADI
,,,,
Revita 8,"V. Mačeka 10, Tenja",Pon-pet: 6:30-20:00,Sub: 6:30-20:00,Ned: 8:00-13:00
,,,,
Revita 44,"Osječka 87, Tenja",Pon-pet: 6:30-20:00,Sub: 6:30-20:00,Ned: NE RADI
,,,,
Trgovina Br. 670,"Augusta Šenoe 24, Šumarina",Pon-pet: 6:30-20:00,Sub: 6:30-19:00,Ned: 8:00-13:00
,,,,
Tera,"Trg slobode 6-9, Šodolovci",Pon-pet: 6:30-20:00,Sub: 6:30-20:00,Ned: 8:00-13:00
,,,,
Trgovina Br. 661,"Vladimira Nazora 49, Šljivoševci",Pon-pet: 6:30-20:00,Sub: 6:30-19:00,Ned: 8:00-13:00
,,,,
T-12,"Braće Radića 67, Šag",Pon-pet: 6:30-20:00,Sub: 6:30-19:00,Ned: NE RADI
,,,,
Revita 40,"A. Radića 67, Sveti Đurađ",Pon-pet: 6:30-20:00,Sub: 6:30-20:00,Ned: NE RADI
,,,,
Suza,"M. Tita 90, Suza",Pon-pet: 6:00-19:00,Sub: 6:00-19:00,Ned: 8:00-13:00
,,,,
Lug,"Ljudevita Gaja, Lug Subotički",Pon-pet: 7:00-12:00,Sub: 7:00-12:00 17:00-19:00,Ned: NE RADI
,,,,
Kuti,"Stupnički Kuti 49, Stupnički Kuti",Pon-pet: 6:30-19:00,Sub: 6:30-20:00,Ned: NE RADI
,,,,
Revita 17,"B. Radića 147, Strizivojna",Pon-pet: 6:30-20:00,Sub: 6:30-20:00,Ned: 8:00-13:00
,,,,
Slavonka,"Zmajina 2, Stari Perkovci",Pon-pet: 6:30-19:00,Sub: 6:30-20:00,Ned: NE RADI
,,,,
Trgovina Br. 29,"Kralja Tomislava 18, Sopje",Pon-pet: 6:30-20:00,Sub: 6:30-20:00,Ned: 8:00-13:00
,,,,
Trgovina Br. 687,"Svetog Lovre 75, Slavonski Brod",Pon-pet: 6:30-20:00,Sub: 6:30-20:00,Ned: NE RADI
,,,,
Mladost,"V. Novaka 39, Slavonski Brod",Pon-pet: 6:30-20:00,Sub: 6:30-20:00,Ned: NE RADI
,,,,
Trgovina Br. 351,"Augusta Cesarca 65, Slavonski Brod",Pon-pet: 7:00-21:00,Sub: 7:00-21:00,Ned: 8:00-13:00
,,,,
Dora,"Vladimira Vidrića 16, Slavonski Brod",Pon-pet: 6:30-20:00,Sub: 6:30-20:00,Ned: 8:00-13:00
,,,,
Trgovina Br. 358,"P. Krešimira Iv 43, Slavonski Brod",Pon-pet: 7:00-20:00,Sub: 7:00-20:00,Ned: 8:00-13:00
,,,,
Trgovina Br. 350,"Horvatova 38, Slavonski Brod",Pon-pet: 7:00-21:00,Sub: 7:00-21:00,Ned: NE RADI
,,,,
Revita 20,"Nas. A. Hebranga 9, Slavonski Brod",Pon-pet: 7:00-20:00,Sub: 7:00-20:00,Ned: 8:00-13:00
,,,,
Trgovina Br. 9,"A. Hebranga 12, Slatina",Pon-pet: 6:30-20:00,Sub: 6:30-20:00,Ned: NE RADI
,,,,
Trgovina Br. 7,"Lipa 75, Slatina",Pon-pet: 6:30-20:00,Sub: 6:30-20:00,Ned: 8:00-13:00
,,,,
Trgovina Br. 19,"Kralja Zvonimira 176, Slatina",Pon-pet: 6:30-20:00,Sub: 6:30-20:00,Ned: 8:00-13:00
,,,,
Trgovina Br. 16,"B. Kašića 12, Slatina",Pon-pet: 6:30-20:00,Sub: 6:30-20:00,Ned: NE RADI
,,,,
Trgovina Br. 15,"M. Gupca 59, Slatina",Pon-pet: 6:30-20:00,Sub: 6:30-20:00,Ned: 8:00-13:00
,,,,
Trgovina Br. 20,"Bana Jelačića 34, Slatina",Pon-pet: 6:30-20:00,Sub: 6:30-19:00,Ned: NE RADI
,,,,
Revita 30,"V. Nazora 51, Slatina",Pon-pet: 6:30-20:00,Sub: 6:30-20:00,Ned: 8:00-13:00
,,,,
Paviljon,"N. Š. Zrinskog 25, Slatina",Pon-pet: 6:30-20:00,Sub: 6:30-20:00,Ned: 8:00-13:00
,,,,
Trgovina Br. 12,"Trg Sv. Josipa 2, Slatina",Pon-pet: 7:00-21:00,Sub: 7:00-21:00,Ned: 8:00-17:00
,,,,
Trgovina Br. 35,"M. Gupca 6, Sladojevci",Pon-pet: 6:30-20:00,Sub: 6:30-20:00,Ned: 8:00-13:00
,,,,
Duga,"Ul. Josipa Hlišića 38-58, Slavonski Brod",Pon-pet: 6:30-20:00,Sub: 6:30-20:00,Ned: NE RADI
,,,,
Trgovina Br. 359,"Kralja Tomislava 1, Semeljci",Pon-pet: 6:30-20:00,Sub: 6:30-20:00,Ned: NE RADI
,,,,
Trgovina Br. 663,"Sv. Antuna Padovanskog 82A, Selna",Pon-pet: 6:30-19:00,Sub: 6:30-20:00,Ned: NE RADI
,,,,
Trgovina Br. 660,"Trg Svete Katarine 1, Satnica",Pon-pet: 6:30-19:00,Sub: 6:30-20:00,Ned: NE RADI
,,,,
Trgovina Br. 669,"Osječka 46, Samatovci",Pon-pet: 6:30-20:00,Sub: 6:30-20:00,Ned: NE RADI
,,,,
Morena,"Hrv. Branitelja 6, Ruščica",Pon-pet: 6:30-20:00,Sub: 6:30-20:00,Ned: 8:00-13:00
,,,,
Trgovina Br. 369,"Venoseva 7, Rakitovica",Pon-pet: 6:30-20:00,Sub: 6:30-20:00,Ned: 8:00-13:00
,,,,
Marilina,"M. Gupca 77, Radikovci",Pon-pet: 6:30-20:00,Sub: 6:30-19:00,Ned: 8:00-13:00
,,,,
Zlata,"S. Radića 2, Punitovci",Pon-pet: 6:30-11:00 17:00-20:00,Sub: 6:30-20:00,Ned: NE RADI
,,,,
Trgovina Br. 363,"Prnjavor 53, Prnjavor",Pon-pet: 6:30-20:00,Sub: 6:30-20:00,Ned: 8:00-13:00
,,,,
Trgovina Br. 370,"Frankopanska 32, Požega",Pon-pet: 6:30-20:00,Sub: 6:30-20:00,Ned: 8:00-13:00
,,,,
Trgovina Br. 667,"Sv. Roka 39, Požega",Pon-pet: 6:30-20:00,Sub: 6:30-20:00,Ned: 8:00-13:00
,,,,
Trgovina Br. 365,"Dubrovačka 65, Požega",Pon-pet: 7:00-21:00,Sub: 7:00-21:00,Ned: 8:00-13:00
,,,,
Trgovina Br. 356,"Trg Sv. Trojstva 22, Požega",Pon-pet: 6:30-20:00,Sub: 6:30-20:00,Ned: 8:00-13:00
,,,,
Trgovina Br. 347,"Tina Ujevića 14, Požega",Pon-pet: 7:00-21:00,Sub: 7:00-21:00,Ned: 8:00-13:00
,,,,
Trgovina Br. 346,"Stjepana Radića 30, Požega",Pon-pet: 7:00-21:00,Sub: 7:00-21:00,Ned: 8:00-13:00
,,,,
Trgovina Br. 345,"Njemačka 1, Požega",Pon-pet: 7:00-21:00,Sub: 7:00-21:00,Ned: NE RADI
,,,,
Revita 22,"V. Nazora 31, Popovac",Pon-pet: 6:30-20:00,Sub: 6:30-20:00,Ned: 8:00-13:00
,,,,
Žana,"Osječka 11, Poganovci",Pon-pet: 7:00-14:00,Sub: 7:00-12:00,Ned: NE RADI
,,,,
T-45,"P. E. Savojskog 38, Podravlje",Pon-pet: 6:30-19:00,Sub: 6:30-20:00,Ned: NE RADI
,,,,
Trgovina Br. 352,"Josipa Jurja Strosmayera 98, Podravska Moslavina",Pon-pet: 6:30-20:00,Sub: 6:30-20:00,Ned: 8:00-13:00
,,,,
Revita 38,"Vladimira Nazora 109, Podravski Podgajci",Pon-pet: 6:30-20:00,Sub: 6:30-20:00,Ned: 8:00-13:00
,,,,
Nera,"I. Šveara 47, Pleternica",Pon-pet: 6:30-20:00,Sub: 6:30-20:00,Ned: 7.00-12:00
,,,,
T-44,"Strossmayerova 2, Piškorevci",Pon-pet: 6:30-20:00,Sub: 6:30-20:00,Ned: 7:00-12:00
,,,,
Revita 32,"Stjepana Radića 0, Piškorevci",Pon-pet: 6:30-20:00,Sub: 6:30-20:00,Ned: 7:00-12:00
,,,,
Paula,"Mlinska 24, Petrijevci",Pon-pet: 6:30-19:00,Sub: 6:30-20:00,Ned: NE RADI
,,,,
Trgovina Br. 676,"Kamila Firingera 12, Osijek",Pon-pet: 7:00-21:00,Sub: 7:00-21:00,Ned: NE RADI
,,,,
Trgovina Br. 680,"Zeleno Polje 9 b, Osijek",Pon-pet: 6:30-19:00,Sub: 6:30-20:00,Ned: NE RADI
,,,,
Trgovina Br. 678,"Ružina 8, Osijek",Pon-pet: 6:30-19:00,Sub: 6:30-20:00,Ned: NE RADI
,,,,
Trgovina Br. 677,"A. Reisnera 110, Osijek",Pon-pet: 6:30-19:00,Sub: 6:30-20:00,Ned: NE RADI
,,,,
Štrosika,"Strossmayerova 100, Osijek",Pon-pet: 6:30-19:00,Sub: 6:30-20:00,Ned: NE RADI
,,,,
Ruža,"A. Kanižlića 31, Osijek",Pon-pet: 6:30-20:00,Sub: 6:30-20:00,Ned: 7:00-12:00
,,,,
Roko,"J. J. Strossmayera 75-77, Osijek",Pon-pet: 6:30-19:00,Sub: 6:30-20:00,Ned: NE RADI
,,,,
Retfala,"Čvrsnička 64, Osijek",Pon-pet: 6:30-19:00,Sub: 6:30-20:00,Ned: NE RADI
,,,,
Natren,"M. Divalta 228, Osijek",Pon-pet: 6:30-11:00 17:00-20:00,Sub: 6:30-20:00,Ned: 7:00-12:00
,,,,
Gabrijela,"Papuk Gore 44, Osijek",Pon-pet: 6:30-19:00,Sub: 6:30-20:00,Ned: NE RADI
,,,,
Florijan,"Lošinjska 43, Osijek",Pon-pet: 6:30-19:00,Sub: 6:30-20:00,Ned: NE RADI
,,,,
Duvno,"Sv. Roka 76, Osijek",Pon-pet: 6:30-20:00,Sub: 6:30-20:00,Ned: 7:00-12:00
,,,,
Dubrovačka,"Dubrovačka 10, Osijek",Pon-pet: 6:30-20:00,Sub: 6:30-20:00,Ned: 7:00-12:00
,,,,
Desetka,"V. K. Sutjeske 7, Osijek",Pon-pet: 6:30-19:00,Sub: 6:30-20:00,Ned: NE RADI
,,,,
Ban,"Trg B. J. Jelačića 28, Osijek",Pon-pet: 6:30-20:00,Sub: 6:30-20:00,Ned: 7:00-12:00
,,,,
Antonija,"Tvrđavica 48, Osijek",Pon-pet: 6:30-11:00 17:00-20:00,Sub: 6:30-20:00,Ned: 7:00-12:00
,,,,
Trgovina Br. 364,"Anina 83, Osijek",Pon-pet: 7:00-21:00,Sub: 7:00-21:00,Ned: 7:00-12:00
,,,,
Sara,"I. Gundulića 23, Osijek",Pon-pet: 6:30-20:00,Sub: 6:30-20:00,Ned: 7:00-12:00
,,,,
Filipa,"Vatrogasna 12, Osijek",Pon-pet: 6:30-20:00,Sub: 6:30-20:00,Ned: 7:00-12:00
,,,,
Trgovina Br. 245,"Sv. L. B. Mandića 266, Osijek",Pon-pet: 6:30-21:00,Sub: 6:30-21:00,Ned: 7:00-18:00
,,,,
Trgovina Br. 242,"Učka 8, Osijek",Pon-pet: 7:00-21:00,Sub: 7:00-21:00,Ned: 7:00-12:00
,,,,
T-20,"Trg Lj. Gaja 5, Osijek",Pon-pet: 6:00-16:00,Sub: 6:00-16:00,Ned: 7:00-12:00
,,,,
Revita-Vbk,"V. I. Meštrovića 14, Osijek",Pon-pet: 6:30-21:00,Sub: 6:30-21:00,Ned: 7:00-18:00
,,,,
Revita 3,"Krstova 54, Osijek",Pon-pet: 6:30-20:00,Sub: 6:30-20:00,Ned: 7:00-12:00
,,,,
Revita 2,"Srijemska 0, Osijek",Pon-pet: 6:30-21:00,Sub: 6:30-21:00,Ned: 7:00-12:00
,,,,
Feðika,"P. Svačića 6, Osijek",Pon-pet: 6:30-21:00,Sub: 6:30-21:00,Ned: 8:00-18:00
,,,,
Bosutsko,"Bosutsko Naselje 0, Osijek",Pon-pet: 6:30-21:00,Sub: 6:30-21:00,Ned: 7:00-12:00
,,,,
Jadranka,"Kralja Zvonimira 80, Orahovica",Pon-pet: 6:30-20:00,Sub: 6:30-20:00,Ned: 7:00-12:00
,,,,
Oprisavci,"Oprisavci 86, Oprisavci",Pon-pet: 6:30-20:00,Sub: 6:30-20:00,Ned: 7:00-12:00
,,,,
Trgovina Br. 32,"Braće Radića 73, Novaki",Pon-pet: 8:00-15:00,Sub: 8:00-13:00,Ned: 7:00-12:00
,,,,
Trgovina Br. 17,"Dravska 25 b, Nova Šarovka",Pon-pet: 7:00-12:00,Sub: 7:00-12:00 17:00-19:00,Ned: NE RADI
,,,,
Trgovina Br. 23,"Zagrebačka 2, Nova Bukovica",Pon-pet: 6:30-20:00,Sub: 6:30-20:00,Ned: 7:00-12:00
,,,,
Trgovina Br. 42,"Noskovci 6, Noskovci",Pon-pet: 8:00-15:00,Sub: 8:00-13:00,Ned: NE RADI
,,,,
Breza,"Osječka 87, Našička Breznica",Pon-pet: 6:30-20:00,Sub: 6:30-19:00,Ned: 7:00-12:00
,,,,
Trgovina Br. 241,"Kralja Tomislava 2, Našice",Pon-pet: 6:30-21:00,Sub: 6:30-21:00,Ned: 7:00-13:00
,,,,
Trgovina Br. 239,"Braće Radića 104, Našice",Pon-pet: 6:30-21:00,Sub: 6:30-21:00,Ned: 7:00-12:00
,,,,
Trgovina Br. 668,"Radnička ulica 31, Našički Markovac",Pon-pet: 6:30-20:00,Sub: 6:30-19:00,Ned: 7:00-12:00
,,,,
Trgovina Br. 24,"Ulica Ivana Pl. Zajca 4, Mikleuš",Pon-pet: 6:30-20:00,Sub: 6:30-20:00,Ned: 8:00-13:00
,,,,
Trgovina Br. 657,"Ul. Kralja Tomislava 73, Mece",Pon-pet: 6:30-20:00,Sub: 6:30-19:00,Ned: 7:00-12:00
,,,,
Martina,"Ul. bana Josipa Jelačića 35, Martin",Pon-pet: 6:30-20:00,Sub: 6:30-19:00,Ned: 7:00-12:00
,,,,
Trgovina Br. 686,"Matije Gupca 14 , Marjančaci",Pon-pet: 6:30-20:00,Sub: 6:30-19:00,Ned: 7:00-12:00
,,,,
Trgovina Br. 353,"Bana Josipa Jelačića 1, Marijanci",Pon-pet: 6:30-20:00,Sub: 6:30-20:00,Ned: 7:00-12:00
,,,,
Juca - Lug,"S.Petefi 8, Lug",Pon-pet: 6:30-20:00,Sub: 6:30-20:00,Ned: 7:00-12:00
,,,,
Mariška,"V. Nazora 23, Laslovo",Pon-pet: 6:30-20:00,Sub: 6:30-20:00,Ned: 7:00-12:00
,,,,
Lapovci,"Glavna 100, Lapovci",Pon-pet: 8:00-13:00,Sub: 8:00-12:00 16:00-19:00,Ned: NE RADI
,,,,
Trgovina Br. 662,"Ul. Andrije Kačića 73, Lacići",Pon-pet: 6:30-20:00,Sub: 6:30-19:00,Ned: 7:00-12:00
,,,,
Sofija,"Hr. Republike 40, Kutjevo",Pon-pet: 6:30-19:00,Sub: 6:30-20:00,Ned: NE RADI
,,,,
Trgovina Br. 238,"Republike Hrvatske 58, Kutjevo",Pon-pet: 6:30-20:00,Sub: 6:30-20:00,Ned: 7:00-13:00
,,,,
Trgovina br.373,"Stjepana Radića 2b, Kuševac",Pon-pet: 6:30-20:00,Sub: 6:30-20:00,Ned: 8:00 – 13:00
,,,,
Kuna Kućanci,"K. Zvonimira 88, Kućanci",Pon-pet: 6:30-20:00,Sub: 6:30-20:00,Ned: 7:00-12:00
,,,,
Trgovina Br. 655,"Kolodvorska 48, Krčenik",Pon-pet: 6:30-20:00,Sub: 6:30-19:00,Ned: NE RADI
,,,,
Trgovina Br. 10,"Kozice 102, Kozice",Pon-pet: 6:30-20:00,Sub: 6:30-20:00,Ned: 7:00-12:00
,,,,
Trgovina Br. 664,"Glavna 92, Kotlina",Pon-pet: 6:30-19:00,Sub: 6:30-20:00,Ned: NE RADI
,,,,
T-36,"N. Š. Zrinskog 3, Koška",Pon-pet: 6:30-20:00,Sub: 6:30-20:00,Ned: 7:00-12:00
,,,,
Trgovina Br. 244,"Josipa Kozarca 2, Koška",Pon-pet: 7:00-21:00,Sub: 7:00-21:00,Ned: 7:00-12:00
,,,,
Revita 7,"Glavna 82, Kneževi Vinogradi",Pon-pet: 6:00-20:00,Sub: 6:00-20:00,Ned: 7:00-18:00
,,,,
Rosa,"Bana Jelačića 23, Klokočevik",Pon-pet: 6:30-20:00,Sub: 6:30-20:00,Ned: ZATVORENO
,,,,
Galeb,"Našička 1, Klokočevci",Pon-pet: 6:30-20:00,Sub: 6:30-20:00,Ned: 7:00-12:00
,,,,
Kapelna,"P. Preradovića 99, Kapelna",Pon-pet: 6:30-20:00,Sub: 6:30-19:00,Ned: 7:00-12:00
,,,,
Trgovina Br. 33,"Josipovo 69, Josipovo",Pon-pet: 6:30-20:00,Sub: 6:30-20:00,Ned: 7:00-12:00
,,,,
Trgovina Br. 681,"Josipa Jurja Strossmayera 90, Josipovac Punitovački",Pon-pet: 6:30-20:00,Sub: 6:30-20:00,Ned: 7:00-12:00
,,,,
Mitnica,"Bizovačka 34, Josipovac",Pon-pet: 6:30-20:00,Sub: 6:30-20:00,Ned: 7:00-12:00
,,,,
Josipa,"Bizovačka 22, Josipovac",Pon-pet: 6:30-19:00,Sub: 6:30-20:00,Ned: NE RADI
,,,,
Revita 5,"Osječka 84, Josipovac",Pon-pet: 6:30-20:00,Sub: 6:30-20:00,Ned: 8:00-18:00
,,,,
Štefica,"Ulica Ivana Brnjika Slovaka 105, Jelisavac",Pon-pet: 6:30-13:30,Sub: 6:30-11:30,Ned: NE RADI
,,,,
Jelsa,"Ulica Ivana Brnjika Slovaka 37, Jelisavac",Pon-pet: 6:30-20:00,Sub: 6:30-20:00,Ned: 7:00-12:00
,,,,
Revita 27,"B. Kidrića 114, Jagodnjak",Pon-pet: 6:30-20:00,Sub: 6:30-20:00,Ned: 7:00-12:00
,,,,
Božica,"P. Preradovića 57, Ivanovci",Pon-pet: 6:30-20:00,Sub: 6:30-20:00,Ned: 7.00-12:00
,,,,
Revita 11,"Duga 34, Ivanovac",Pon-pet: 6:30-20:00,Sub: 6:30-20:00,Ned: 7:00-12:00
,,,,
T-41,"M. Gupca 63, Harkanovci",Pon-pet: 6:30-20:00,Sub: 6:30-20:00,Ned: 7:00-12:00
,,,,
Trgovina Br. 673,"Školska ulica BB, Habjanovci",Pon-pet: 6:30-20:00,Sub: 6:30-20:00,Ned: 7:00-12:00
,,,,
Zagorka,"Zagorska 47, Grabovac",Pon-pet: 6:30-20:00,Sub: 6:30-20:00,Ned: 7:00-12:00
,,,,
Trgovina Br. 11,"Petra Zrinskog 8, Gornji Miholjac",Pon-pet: 7:30-14:30,Sub: 7:00-12:00,Ned: 7:00-12:00
,,,,
Gorjanka,"Kula 2, Gorjani",Pon-pet: 6:30-20:00,Sub: 6:30-20:00,Ned: 7:00-12:00
,,,,
Snaša,"Ulica kralja Tomislava 76, Golinci",Pon-pet: 6:30-20:00,Sub: 6:30-20:00,Ned: 7:00-12:00
,,,,
Gašinci,"ulica braće Radića 62, Gašinci",Pon-pet: 6:30-20:00,Sub: 6:30-20:00,Ned: 7:00-12:00
,,,,
Trgovina Br. 658,"K. Tomislava 87, Garčin",Pon-pet: 6:30-20:00,Sub: 6:30-20:00,Ned: 7:00-12:00
,,,,
Centar,"Vladimira Nazora 62, Ernestinovo",Pon-pet: 6:30-20:00,Sub: 6:30-20:00,Ned: 7.00-12:00
,,,,
Revita 6,"Ivana Horvata Bećara 8, Erdut",Pon-pet: 6:30-20:00,Sub: 6:30-20:00,Ned: 7:00-12:00
,,,,
Trgovina Br. 6,"Đurina 80, Đulovac",Pon-pet: 6:30-20:00,Sub: 6:30-20:00,Ned: 8:00-13:00
,,,,
Trgovina Br. 671,"Lička 2, Đakovo",Pon-pet: 6:30-19:00,Sub: 6:30-20:00,Ned: NE RADI
,,,,
Tea,"A. Starčevića 92, Đakovo",Pon-pet: 6:30-20:00,Sub: 6:30-20:00,Ned: 7:00-12:00
,,,,
Sjever,"A. Hebranga 84, Đakovo",Pon-pet: 7:00-20:00,Sub: 7:00-20:00,Ned: 7:00-12:00
,,,,
Eva,"Josipa Runjanjina 92, Đakovo",Pon-pet: 7:00-19:00,Sub: 6:30-20:00,Ned: NE RADI
,,,,
Revita 37,"P. Preradovića 35, Đakovo",Pon-pet: 6:30-20:00,Sub: 6:30-20:00,Ned: 7:00-12:00
,,,,
Revita 36,"Josipa bana Jelačića 10, Đakovačka Satnica",Pon-pet: 6:30-20:00,Sub: 6:30-20:00,Ned: ZATVORENO
,,,,
Trgovina Br. 690,"Alojzija Stepinca 3, Duboševica",Pon-pet: 6:30-19:00,Sub: 6:30-20:00,Ned: NE RADI
,,,,
Vesna,"Strossmayerova 70, Dopsin",Pon-pet: 6:30-19:00,Sub: 6:30-20:00,Ned: NE RADI
,,,,
Trgovina Br. 240,"Mihanovićeva 18, Donji Miholjac",Pon-pet: 6:30-20:00,Sub: 6:30-20:00,Ned: 7:00-12:00
,,,,
Glorija,"A. Harambašića 50, Donji Miholjac",Pon-pet: 6:30-20:00,Sub: 6:30-20:00,Ned: 7:00-12:00
,,,,
Trgovina Br. 361,"Kolodvorska 81, Donji Miholjac",Pon-pet: 6:30-20:00,Sub: 6:30-20:00,Ned: 7:00-12:00
,,,,
Revita 26,"Trg A. Starčevića 18, Donji Miholjac",Pon-pet: 6:30-20:00,Sub: 6:30-20:00,Ned: 7:00-12:00
,,,,
Šokadija,"M. Gupca 84, Donji Andrijevci",Pon-pet: 6:30-19:00,Sub: 6:30-20:00,Ned: NE RADI
,,,,
Trgovina Br. 674,"sv. Filip I Jakov 22, Donja Vrba",Pon-pet: 6:30-20:00,Sub: 6:30-20:00,Ned: 7:00-12:00
,,,,
Moto,"M. Gupca 65, Donja Motičina",Pon-pet: 6:30-20:00,Sub: 6:30-20:00,Ned: 7.00-12:00
,,,,
Trgovina Br. 367,"Žrtava Dom. Rata 77, Darda",Pon-pet: 6:30-21:00,Sub: 6:30-21:00,Ned: 8:00-13:00
,,,,
Revita 14,"Žrtava Dom. Rata 5, Darda",Pon-pet: 6:30-20:00,Sub: 6:30-20:00,Ned: 7.00-12:00
,,,,
Revita 21,"Sv. I. Krstitelja 9, Darda",Pon-pet: 6:30-21:00,Sub: 6:30-21:00,Ned: 7:00-18:00
,,,,
Dunav Dalj,"B. J. Jelačića 19, Dalj",Pon-pet: 6:30-20:00,Sub: 6:30-20:00,Ned: 7:00-12:00
,,,,
Trgovina Br. 48,"Ulica Petra Preradovića 1, Ćeralije",Pon-pet: 6:30-20:00,Sub: 6:30-20:00,Ned: 8:00-13:00
,,,,
Mira,"Alojzija Stepinca 39, Črnkovci",Pon-pet: 6:30-20:00,Sub: 6:30-20:00,Ned: 7:00-12:00
,,,,
Trgovina Br. 49,"Četekovac 3, Četekovac",Pon-pet: 8:00-15:00,Sub: 8:00-13:00,Ned: NE RADI
,,,,
Trgovina Br. 684,"Kralja Zvonimira 89, Čepin",Pon-pet: 6:30-20:00,Sub: 6:30-20:00,Ned: 7:00-12:00
,,,,
Trgovina Br. 679,"Kalnička 30, Čepin",Pon-pet: 6:30-20:00,Sub: 6:30-20:00,Ned: 7:00-12:00
,,,,
Ovčara,"Kralja Tomislava 127, Čepin",Pon-pet: 6:30-19:00,Sub: 6:30-20:00,Ned: NE RADI
,,,,
Revita 42,"Ulica kralja Tomislava 0, Čepin",Pon-pet: 6:30-21:00,Sub: 6:30-21:00,Ned: 7:00-12:00
,,,,
Revita 19,"Lj. Gaja 5, Čeminac",Pon-pet: 6:30-20:00,Sub: 6:30-20:00,Ned: 7:00-13:00
,,,,
Revita 34,"Ulica kralja Tomislava 42, Čaglin",Pon-pet: 6:30-20:00,Sub: 6:30-20:00,Ned: 7.00-12:00
,,,,
Trgovina Br. 39,"Osječka 136, Čađavički Lug",Pon-pet: 8:00-15:00,Sub: 8:00-13:00,Ned: NE RADI
,,,,
Trgovina Br. 36,"Zagrebačka ulica 32, Čađavica",Pon-pet: 6:30-20:00,Sub: 6:30-20:00,Ned: 8:00-13:00
,,,,
Trgovina Br. 360,"Lipovačka 2, Čačinci",Pon-pet: 6:30-20:00,Sub: 6:30-20:00,Ned: 7:00-12:00
,,,,
Revita 28,"Ulica domovinske Zahvalnosti 20, Čačinci",Pon-pet: 6:30-20:00,Sub: 6:30-20:00,Ned: 7:00-12:00
,,,,
Trgovina Br. 243,"Trg dr.Franje Tuđmana 4a , Čačinci",Pon-pet: 6:30-20:00,Sub: 6:30-20:00,Ned: 8:00-13:00
,,,,
Trgovina Br. 357,"Zrinska 3, Crnac",Pon-pet: 6:30-20:00,Sub: 6:30-20:00,Ned: 7:00-12:00
,,,,
Cret,"M. Gupca 96, Cret",Pon-pet: 6:30-20:00,Sub: 6:30-20:00,Ned: 7.00-12:00
,,,,
Trgovina Br. 659,"Ulica bana Josipa Jelačića 134, Budimci",Pon-pet: 6:30-19:00,Sub: 6:30-20:00,Ned: NE RADI
,,,,
Budimka,"Ban Josipa Jelačića Street 179, Budimci",Pon-pet: 6:30-11:00 17:00-20:00,Sub: 6:30-20:00,Down: 7:00-12:00
,,,,
Shop No. 672,"Square 2, Brođanci",Pon-pet: 6:30-20:00,Sub: 6:30-20:00,Down: 7:00-12:00
,,,,
Time 2,"Grobljanska 1, Brijesce",Pon-pet: 6:30-11:00 17:00-20:00,Sub: 6:30-20.00,Down: 7:00-12:00
,,,,
Branka,"Davora Kokanovića 12, Branjina",Pon-pet: 6:30-19:00,Sub: 6:30-19:00,Down: 7:00-12:00
,,,,
Wound,"Šumska 8, Boksic Lug",Pon-pet: 7:00-12:00,Sub: 7:00-14:00,NOT WORKING
,,,,
Laura,"King Trpimira Street 12, Bokšić",Pon-pet: 6:30-20:00,Sub: 6:30-20:00,Down: 7:00-12:00
,,,,
Gorizia,"M. Gupca 71, Bocanjevci",Pon-pet: 6:30-14:00,Sub: 6:30-19:00,Down: 7:00-12:00
,,,,
Petra,"Valpovacka 19, Bizovac",Pon-pet: 6:30-19:00,Sub: 6:30-20:00,NOT WORKING
,,,,
T-10,"K. Tomislava 97, Bizovac",Pon-pet: 6:30-20:00,Sub: 6:30-20:00,Down: 8:00-13:00
,,,,
Clear,"Fiskulturna 9, Bistrinci",Pon-pet: 6:30-20:00,Sub: 6:30-20:00,Down: 7:00-12:00
,,,,
Funny,"M. Krleže 2, Bilje",Pon-pet: 6:30-20:00,Sub: 6:30-20:00,Down: 7:00-13:00
,,,,
Revita 15,"K. Tomislava 3, Bilje",Pon-pet: 6:30-21:00,Sub: 6:30-21:00,Down: 7:00-18:00
,,,,
Brush,"N. Tesla 50, Bijelo Brdo",Pon-pet: 6:30-20:00,Sub: 6:30-20:00,Down: 7:00-12:00
,,,,
Deny,"Stjepana Radića Street 37, Bicko Selo",Pon-pet: 6:30-19:00,Sub: 6:30-20:00,NOT WORKING
,,,,
Revita 23,"Ive Lole Ribara Street 0, Beničanci",Pon-pet: 6:30-20:00,Sub: 6:30-20:00,Down: 7:00-12:00
,,,,
Shop No. 682,"Petra Zrinski 88, Belisce",Pon-pet: 6:30-19:00,Sub: 6:30-20:00,NOT WORKING
,,,,
T-11,"K. Tomislava 188, Belisce",Pon-pet: 6:30-19:00,Sub: 6:30-20:00,NOT WORKING
,,,,
Bella,"Matije Gupca Street 59, Belisce",Pon-pet: 6:30-19:00,Sub: 6:30-20:00,NOT WORKING
,,,,
Whiteness,"K. Tomislava 193, Belisce",Pon-pet: 6:30-20:00,Sub: 6:30-20:00,Down: 7:00-12:00
,,,,
Stay 15,"Trg A. Starčevića 10, Belisce",Pon-pet: 6:30-19:00,Sub: 6:30-20:00,NOT WORKING
,,,,
Revita 39,"Railway Street BB, Belišće",Pon-pet: 7:00-21:00,Sub: 7:00-21:00,Down: 7:00-18:00
,,,,
Come on.,"Osječka 112, Beli Manastir",Pon-pet: 6:30-19:00,Sub: 6:30-20:00,NOT WORKING
,,,,
Revita 10,"Kralja Petra Krešimira Iv 24, Beli Manastir",Pon-pet: 6:30-20:00,Sub: 6:30-20:00,Down: 7:00-12:00
,,,,
Belma 2,"K. Tomislava 58, Beli Manastir",Pon-pet: 6:30-20:00,Sub: 6:30-20:00,Down: 7:00-12:00
,,,,
Revita Buy,"Kralja P. Svačića 130, Beli Manastir",Pon-pet: 6:30-21:00,Sub: 6:30-21:00,Down: 8:00-17:00
,,,,
Shop No. 688,"Čepinska 109, Beketinci",Pon-pet: 6:30-20:00,Sub: 6:30-20:00,Down: 7:00-12:00
,,,,
Bebrina,"Bebrina 83, Bebrina",Pon-pet: 6:30-19:00,Sub: 6:30-20:00,NOT WORKING
,,,,
Shop No. 675,"V. Nazora 59, Batina",Pon-pet: 6:30-20:00,Sub: 6:30-19:00,Down: 7:00-12:00
,,,,
Shop No. 4,"B. Radića 6, Bakić",Pon-pet: 6:30-20:00,Sub: 6:30-20:00,Down: 7:00-12:00
,,,,
Previously,"A. Starčevića 50, Antunovac",Pon-pet: 6:30-20:00,Sub: 6:30-20:00,Down: 7:00-12:00
,,,,
Revita 12,"Trg B. Radića 24, Aljmaš",Pon-pet: 6:30-20:00,Sub: 6:30-20:00,Down: 7:00-12:00
,,,,
