storeLink,storeName,dateRange,Monday,Tuesday,Wednesday,Thursday,Friday,Saturday,Sunday
https://www.studenac.hr/trgovine/1132/t1376-adamovec,"Ulica Dragutina Domjanića 55, Adamovec",24.03 - 30.03.2025.,07:00-21:00,07:00-21:00,07:00-21:00,07:00-21:00,07:00-21:00,07:00-21:00,Zatvoreno
https://www.studenac.hr/trgovine/1432/t1579-andrijasevci,"Matije Gupca 72, Andrijaševci",24.03 - 30.03.2025.,07:00-21:00,07:00-21:00,07:00-21:00,07:00-21:00,07:00-21:00,07:00-21:00,Zatvoreno
https://www.studenac.hr/trgovine/260/t226-babino-polje,"Zadublje 1, Babino Polje",24.03 - 30.03.2025.,07:00-20:00,07:00-20:00,07:00-20:00,07:00-20:00,07:00-20:00,07:00-20:00,Zatvoreno
https://www.studenac.hr/trgovine/1567/t1592-bale,"Trg La Musa 9, Bale",24.03 - 30.03.2025.,07:00-21:00,07:00-21:00,07:00-21:00,07:00-21:00,07:00-21:00,07:00-21:00,07:00-21:00
https://www.studenac.hr/trgovine/1342/t992-bale,"Mon Perin San Polo, Bale",24.03 - 30.03.2025.,08:00-16:00,08:00-16:00,08:00-16:00,08:00-16:00,08:00-16:00,08:00-18:00,08:00-18:00
https://www.studenac.hr/trgovine/1256/t991-bale,"Mon Perin Colone, Bale",24.03 - 30.03.2025.,Zatvoreno,Zatvoreno,Zatvoreno,Zatvoreno,Zatvoreno,Zatvoreno,Zatvoreno
https://www.studenac.hr/trgovine/478/t514-bale-valle,"Trg Palih boraca 6, Bale (Valle)",24.03 - 30.03.2025.,06:30-20:00,06:30-20:00,06:30-20:00,06:30-20:00,06:30-20:00,06:30-20:00,Zatvoreno
https://www.studenac.hr/trgovine/890/t1033-banova-jaruga,"Cvjetni trg 4, Banova Jaruga",24.03 - 30.03.2025.,07:00-20:00,07:00-20:00,07:00-20:00,07:00-20:00,07:00-20:00,07:00-20:00,Closed
https://www.studenac.hr/trgovine/892/t1035-banova-jaruga,"Ulica Stjepana Radića 35, Banova Jaruga",24.03 - 30.03.2025.,07:00-21:00,07:00-21:00,07:00-21:00,07:00-21:00,07:00-21:00,07:00-21:00,Zatvoreno
https://www.studenac.hr/trgovine/614/t658-banjevci,"Banjevci 74, Banjevci",24.03 - 30.03.2025.,07:00-20:00,07:00-20:00,07:00-20:00,07:00-20:00,07:00-20:00,07:00-20:00,Zatvoreno
https://www.studenac.hr/trgovine/1572/t1597-banjole,"Čimulje 36, Banjole",24.03 - 30.03.2025.,07:00-20:00,07:00-20:00,07:00-20:00,07:00-20:00,07:00-20:00,07:00-20:00,Zatvoreno
https://www.studenac.hr/trgovine/1301/t997-baska-voda,"Ulica Blato 1, Baška Voda",24.03 - 30.03.2025.,07:00-21:00,07:00-21:00,07:00-21:00,07:00-21:00,07:00-21:00,07:00-21:00,Zatvoreno
https://www.studenac.hr/trgovine/84/t346-baska-voda,"Ulica Tri ceste 3B, Baška Voda",24.03 - 30.03.2025.,07:00-21:00,07:00-21:00,07:00-21:00,07:00-21:00,07:00-21:00,07:00-21:00,Zatvoreno
https://www.studenac.hr/trgovine/99/t336-baska-voda,"Ulica prilaz Obali 1, Baška Voda",24.03 - 30.03.2025.,Zatvoreno,Zatvoreno,Zatvoreno,Zatvoreno,Zatvoreno,Zatvoreno,Zatvoreno
https://www.studenac.hr/trgovine/1363/t1426-bedenik,"Bedenik 125, Bedenik",24.03 - 30.03.2025.,07:00-20:00,07:00-20:00,07:00-20:00,07:00-20:00,07:00-20:00,07:00-20:00,Zatvoreno
https://www.studenac.hr/trgovine/1431/t1569-beli-manastir,"Trg Slobode 29, Beli Manastir",24.03 - 30.03.2025.,06:30-20:00,06:30-20:00,06:30-20:00,06:30-20:00,06:30-20:00,07:30-20:00,Zatvoreno
https://www.studenac.hr/trgovine/256/t216-benkovac,"Šetalište kneza Branimira 30A, Benkovac",24.03 - 30.03.2025.,07:00-21:00,07:00-21:00,07:00-21:00,07:00-21:00,07:00-21:00,07:00-21:00,Zatvoreno
https://www.studenac.hr/trgovine/309/t184-benkovac,"Ulica Ante Starčevića 6, Benkovac",24.03 - 30.03.2025.,07:00-21:00,07:00-21:00,07:00-21:00,07:00-21:00,07:00-21:00,07:00-21:00,Zatvoreno
https://www.studenac.hr/trgovine/1228/t1457-benkovac,"Ulica kralja Tomislava 1, Benkovac",24.03 - 30.03.2025.,07:00-21:00,07:00-21:00,07:00-21:00,07:00-21:00,07:00-21:00,07:00-21:00,07:00-21:00
https://www.studenac.hr/trgovine/1327/t1239-berek,"Berek 77, Berek",24.03 - 30.03.2025.,07:00-21:00,07:00-21:00,07:00-21:00,07:00-21:00,07:00-21:00,07:00-21:00,07:00-15:00
https://www.studenac.hr/trgovine/576/t473-bibinje,"Jadranska Magistrala 14A, Bibinje",24.03 - 30.03.2025.,06:30-20:30,06:30-20:30,06:30-20:30,06:30-20:30,06:30-20:30,06:30-20:30,Zatvoreno
https://www.studenac.hr/trgovine/248/t225-bibinje,"Ul. blaž. Alojzija Stepinca 22, Bibinje",24.03 - 30.03.2025.,07:00-21:00,07:00-21:00,07:00-21:00,07:00-21:00,07:00-21:00,07:00-21:00,07:00-21:00
https://www.studenac.hr/trgovine/615/t676-biograd-na-moru,"Ulica dr. Franje Tuđmana 7A, Biograd Na Moru",24.03 - 30.03.2025.,07:00-20:00,07:00-20:00,07:00-20:00,07:00-20:00,07:00-20:00,07:00-20:00,07:00-21:00
https://www.studenac.hr/trgovine/636/t657-biograd-na-moru,"Zadarska ulica 11, Biograd Na Moru",24.03 - 30.03.2025.,07:00-21:00,07:00-21:00,07:00-21:00,07:00-21:00,07:00-21:00,07:00-21:00,Zatvoreno
https://www.studenac.hr/trgovine/132/t291-biograd-na-moru,"Osječka ulica 2, Biograd Na Moru",24.03 - 30.03.2025.,07:00-21:00,07:00-21:00,07:00-21:00,07:00-21:00,07:00-21:00,07:00-21:00,07:00-21:00
https://www.studenac.hr/trgovine/133/t292-biograd-na-moru,"Trg kralja Tomislava 2, Biograd Na Moru",24.03 - 30.03.2025.,07:00-21:00,07:00-21:00,07:00-21:00,07:00-21:00,07:00-21:00,07:00-21:00,Zatvoreno
https://www.studenac.hr/trgovine/692/t757-biograd-na-moru,"Put Solina 13, Biograd Na Moru",24.03 - 30.03.2025.,07:00-21:00,07:00-21:00,07:00-21:00,07:00-21:00,07:00-21:00,07:00-21:00,Zatvoreno
https://www.studenac.hr/trgovine/693/t750-biograd-na-moru,"Slanica 5A, Biograd Na Moru",24.03 - 30.03.2025.,07:00-20:00,07:00-20:00,07:00-20:00,07:00-20:00,07:00-20:00,07:00-20:00,Zatvoreno
https://www.studenac.hr/trgovine/694/t749-biograd-na-moru,"Zadarska ulica 62, Biograd Na Moru",24.03 - 30.03.2025.,06:30-20:30,06:30-20:30,06:30-20:30,06:30-20:30,06:30-20:30,06:30-20:30,Zatvoreno
https://www.studenac.hr/trgovine/695/t748-biograd-na-moru,"Splitska ulica 43, Biograd Na Moru",24.03 - 30.03.2025.,07:00-21:00,07:00-21:00,07:00-21:00,07:00-21:00,07:00-21:00,07:00-21:00,Zatvoreno
https://www.studenac.hr/trgovine/715/t758-biograd-na-moru,"Ul. kralja Petra Svačića 20, Biograd Na Moru",24.03 - 30.03.2025.,07:00-20:00,07:00-20:00,07:00-20:00,07:00-20:00,07:00-20:00,07:00-20:00,Zatvoreno
https://www.studenac.hr/trgovine/719/t759-biograd-na-moru,"Ivana Raosa 10, Biograd Na Moru",24.03 - 30.03.2025.,07:00-21:00,07:00-21:00,07:00-21:00,07:00-21:00,07:00-21:00,07:00-21:00,07:00-21:00
https://www.studenac.hr/trgovine/1281/t1451-bjelovar,"Alojzija Stepinca 20 a, Bjelovar",24.03 - 30.03.2025.,07:00-21:00,07:00-21:00,07:00-21:00,07:00-21:00,07:00-21:00,07:00-21:00,07:00-14:00
https://www.studenac.hr/trgovine/1283/t1436-bjelovar,"Velike Sredice 180, Bjelovar",24.03 - 30.03.2025.,06:30-20:30,06:30-20:30,06:30-20:30,06:30-20:30,06:30-20:30,06:30-20:30,08:00-15:00
https://www.studenac.hr/trgovine/1293/t1416-bjelovar,"Krste Frankopana 20, Bjelovar",24.03 - 30.03.2025.,07:00-21:00,07:00-21:00,07:00-21:00,07:00-21:00,07:00-21:00,07:00-21:00,Zatvoreno
https://www.studenac.hr/trgovine/1090/t928-bjelovar,,,,,,,,,
https://www.studenac.hr/trgovine/1348/t1419-bjelovar,"Iločka ulica 5, Bjelovar",24.03 - 30.03.2025.,07:00-21:00,07:00-21:00,07:00-21:00,07:00-21:00,07:00-21:00,07:00-21:00,Zatvoreno
https://www.studenac.hr/trgovine/1350/t1418-bjelovar,"Lovre Matačića 75, Bjelovar",24.03 - 30.03.2025.,07:00-21:00,07:00-21:00,07:00-21:00,07:00-21:00,07:00-21:00,07:00-21:00,Zatvoreno
https://www.studenac.hr/trgovine/1351/t1444-bjelovar,"Mirka Bogovića 15, Bjelovar",24.03 - 30.03.2025.,07:00-20:00,07:00-20:00,07:00-20:00,07:00-20:00,07:00-20:00,07:00-20:00,Zatvoreno
https://www.studenac.hr/trgovine/1352/t1445-bjelovar,"Cvjetna ulica 29, Bjelovar",24.03 - 30.03.2025.,07:00-21:00,07:00-21:00,07:00-21:00,07:00-21:00,07:00-21:00,07:00-21:00,07:00-14:00
https://www.studenac.hr/trgovine/1353/t1435-bjelovar,"Ulica Antuna Mihanovića 11, Bjelovar",24.03 - 30.03.2025.,06:30-20:30,06:30-20:30,06:30-20:30,06:30-20:30,06:30-20:30,06:30-20:30,Zatvoreno
https://www.studenac.hr/trgovine/1356/t1441-bjelovar,"Šetalište Ivše Lebovića 45, Bjelovar",24.03 - 30.03.2025.,07:00-14:00,07:00-14:00,07:00-14:00,07:00-14:00,07:00-14:00,08:00-13:00,Zatvoreno
https://www.studenac.hr/trgovine/1173/t1213-bjelovar,"Ivana Gorana Kovačića 1, Bjelovar",24.03 - 30.03.2025.,07:00-21:00,07:00-21:00,07:00-21:00,07:00-21:00,07:00-21:00,07:00-21:00,Zatvoreno
https://www.studenac.hr/trgovine/998/t1209-bjelovar,"Zvijerci 33, Bjelovar",24.03 - 30.03.2025.,07:00-22:00,07:00-22:00,07:00-22:00,07:00-22:00,07:00-22:00,07:00-22:00,07:00-18:00
https://www.studenac.hr/trgovine/999/t1210-bjelovar,"Milana Šufflaya 19, Bjelovar",24.03 - 30.03.2025.,07:00-21:00,07:00-21:00,07:00-21:00,07:00-21:00,07:00-21:00,07:00-21:00,Zatvoreno
https://www.studenac.hr/trgovine/1000/t1211-bjelovar,"Vladimira Nazora 24, Bjelovar",24.03 - 30.03.2025.,07:00-20:30,07:00-20:30,07:00-20:30,07:00-20:30,07:00-20:30,07:00-13:00,Zatvoreno
https://www.studenac.hr/trgovine/1001/t1212-bjelovar,"Slavonska cesta 3, Bjelovar",24.03 - 30.03.2025.,05:00-16:00,05:00-16:00,05:00-16:00,05:00-16:00,05:00-16:00,05:00-14:00,Zatvoreno
https://www.studenac.hr/trgovine/1002/t1214-bjelovar,"Andrije Hebranga 28, Bjelovar",24.03 - 30.03.2025.,06:00-20:00,06:00-20:00,06:00-20:00,06:00-20:00,06:00-20:00,06:00-16:00,Zatvoreno
https://www.studenac.hr/trgovine/1003/t1215-bjelovar,"Eugena Kumičića 94, Bjelovar",24.03 - 30.03.2025.,07:00-19:30,07:00-19:30,07:00-19:30,07:00-19:30,07:00-19:30,07:00-14:00,Zatvoreno
https://www.studenac.hr/trgovine/1004/t1216-bjelovar,"Ul. Andrije K. Miošića 22, Bjelovar",24.03 - 30.03.2025.,07:00-20:00,07:00-20:00,07:00-20:00,07:00-20:00,07:00-20:00,07:00-20:00,07:00-14:00
https://www.studenac.hr/trgovine/1005/t1217-bjelovar,"Antuna Radića 8, Bjelovar",24.03 - 30.03.2025.,07:00-20:00,07:00-20:00,07:00-20:00,07:00-20:00,07:00-20:00,08:00-15:00,07:00-14:00
https://www.studenac.hr/trgovine/1008/t1220-bjelovar,"Radničko naselje prilaz II 22, Bjelovar",24.03 - 30.03.2025.,06:30-20:00,06:30-20:00,06:30-20:00,06:30-20:00,06:30-20:00,07:00-19:00,Zatvoreno
https://www.studenac.hr/trgovine/1264/t998-bjelovar,,,,,,,,,
https://www.studenac.hr/trgovine/1023/t1247-blagorodovac,"Ulica Stjepana Radića 50, Blagorodovac",24.03 - 30.03.2025.,07:00-20:00,07:00-20:00,07:00-20:00,07:00-20:00,07:00-20:00,07:00-20:00,Zatvoreno
https://www.studenac.hr/trgovine/578/t615-blato,"Prigradica 54, Blato",24.03 - 30.03.2025.,07:00-21:00,07:00-21:00,07:00-21:00,07:00-21:00,07:00-21:00,07:00-21:00,Zatvoreno
https://www.studenac.hr/trgovine/362/t110-blato,"85.Ulica 2, Blato",24.03 - 30.03.2025.,07:00-21:00,07:00-21:00,07:00-21:00,07:00-21:00,07:00-21:00,07:00-21:00,Zatvoreno
https://www.studenac.hr/trgovine/363/t109-blato,,,,,,,,,
https://www.studenac.hr/trgovine/364/t108-blato,"1. Ulica 15, Blato",24.03 - 30.03.2025.,07:00-21:00,07:00-21:00,07:00-21:00,07:00-21:00,07:00-21:00,07:00-21:00,Zatvoreno
https://www.studenac.hr/trgovine/139/t296-blato,"1. Ulica 40, Blato",24.03 - 30.03.2025.,07:00-21:00,07:00-21:00,07:00-21:00,07:00-21:00,07:00-21:00,07:00-21:00,Zatvoreno
https://www.studenac.hr/trgovine/1300/t1071-blinjski-kut,"Cesta 13, Blinjski Kut, Blinjski Kut",24.03 - 30.03.2025.,07:00-21:00,07:00-21:00,07:00-21:00,07:00-21:00,07:00-21:00,07:00-21:00,08:00-20:00
https://www.studenac.hr/trgovine/916/t1075-bobovac,,,,,,,,,
https://www.studenac.hr/trgovine/993/t1201-bodovaljci,"Bodovaljci 91, Bodovaljci",24.03 - 30.03.2025.,06:30-21:30,06:30-21:30,06:30-21:30,06:30-21:30,06:30-21:30,06:30-21:30,08:00-18:00
https://www.studenac.hr/trgovine/539/t071-bol,"Ulica Hrvatskog preporoda 1B, Bol",24.03 - 30.03.2025.,07:00-21:00,07:00-21:00,07:00-21:00,07:00-21:00,07:00-21:00,07:00-21:00,Zatvoreno
https://www.studenac.hr/trgovine/374/t045-bol,"Ulica uz pjacu 13, Bol",24.03 - 30.03.2025.,07:00-21:00,07:00-21:00,07:00-21:00,07:00-21:00,07:00-21:00,07:00-21:00,Zatvoreno
https://www.studenac.hr/trgovine/1410/t995-bol,"Domovinskog rata 62, Bol",24.03 - 30.03.2025.,07:00-14:00,07:00-14:00,07:00-14:00,07:00-14:00,07:00-14:00,07:00-12:00,Zatvoreno
https://www.studenac.hr/trgovine/170/t046-bol,"Ulica Donje Podbarje 1A, Bol",24.03 - 30.03.2025.,07:00-21:00,07:00-21:00,07:00-21:00,07:00-21:00,07:00-21:00,07:00-21:00,Zatvoreno
https://www.studenac.hr/trgovine/1296/t1438-bolc,"Bolč 183, Bolč",24.03 - 30.03.2025.,07:00-20:00,07:00-20:00,07:00-20:00,07:00-20:00,07:00-20:00,07:00-14:00,Zatvoreno
https://www.studenac.hr/trgovine/994/t1202-bolfan,"Varaždinska ulica 62, Bolfan",24.03 - 30.03.2025.,07:00-20:00,07:00-20:00,07:00-20:00,07:00-20:00,07:00-20:00,07:00-20:00,Zatvoreno
https://www.studenac.hr/trgovine/901/t1048-borovac,"Borovac 101, Borovac",24.03 - 30.03.2025.,08:00-20:00,08:00-20:00,08:00-20:00,08:00-20:00,08:00-20:00,08:00-20:00,Zatvoreno
https://www.studenac.hr/trgovine/1316/t1101-bovic,"Bović 110, Bović",24.03 - 30.03.2025.,07:30-14:30,07:30-14:30,07:30-14:30,07:30-14:30,07:30-14:30,07:30-12:30,Zatvoreno
https://www.studenac.hr/trgovine/668/t712-bozava,"Božava 83, Božava",24.03 - 30.03.2025.,07:30-12:00,07:30-12:00,07:30-12:00,07:30-12:00,07:30-12:00,07:30-12:00,Zatvoreno
https://www.studenac.hr/trgovine/1398/t1543-bratina,"Bratina 19, Bratina",24.03 - 30.03.2025.,07:00-21:00,07:00-21:00,07:00-21:00,07:00-21:00,07:00-21:00,07:00-21:00,08:00-21:00
https://www.studenac.hr/trgovine/1158/t1158-brckovljani,"Kralja Zvonimira 73, Brckovljani",24.03 - 30.03.2025.,06:00-20:00,06:00-20:00,06:00-20:00,06:00-20:00,06:00-20:00,06:00-20:00,Zatvoreno
https://www.studenac.hr/trgovine/969/t1157-brckovljani,"Ulica Stjepana Radića 4, Brckovljani",24.03 - 30.03.2025.,06:00-20:00,06:00-20:00,06:00-20:00,06:00-20:00,06:00-20:00,06:00-20:00,Zatvoreno
https://www.studenac.hr/trgovine/1539/t1683-bregana,"Samoborska 11, Bregana",24.03 - 30.03.2025.,06:30-20:00,06:30-20:00,06:30-20:00,06:30-20:00,06:30-20:00,06:30-20:00,Zatvoreno
https://www.studenac.hr/trgovine/1550/t1688-bregana,"Grdanjci 55, Bregana",24.03 - 30.03.2025.,06:30-20:00,06:30-20:00,06:30-20:00,06:30-20:00,06:30-20:00,06:30-19:00,Zatvoreno
https://www.studenac.hr/trgovine/1225/t1394-bregovljana,"Bregovljanska cesta 59, Bregovljana",24.03 - 30.03.2025.,07:00-21:00,07:00-21:00,07:00-21:00,07:00-21:00,07:00-21:00,07:00-21:00,Zatvoreno
https://www.studenac.hr/trgovine/1429/t029-brela,"Frankopanska 60, Brela",24.03 - 30.03.2025.,07:00-21:00,07:00-21:00,07:00-21:00,07:00-21:00,07:00-21:00,07:00-21:00,Zatvoreno
https://www.studenac.hr/trgovine/888/t1028-brestaca,"Zagrebačka 134, Brestača",24.03 - 30.03.2025.,06:30-20:00,06:30-20:00,06:30-20:00,06:30-20:00,06:30-20:00,06:30-20:00,Zatvoreno
https://www.studenac.hr/trgovine/1167/t1184-brezine,"Brezine 49, Brezine",24.03 - 30.03.2025.,07:00-20:30,07:00-20:30,07:00-20:30,07:00-20:30,07:00-20:30,08:00-20:30,08:00-14:00
https://www.studenac.hr/trgovine/1355/t1442-brezovac,"Garešnička 23, Brezovac",24.03 - 30.03.2025.,07:00-20:00,07:00-20:00,07:00-20:00,07:00-20:00,07:00-20:00,07:00-20:00,07:00-14:00
https://www.studenac.hr/trgovine/146/t281-brist,"Marušići 5, Brist",24.03 - 30.03.2025.,07:00-21:00,07:00-21:00,07:00-21:00,07:00-21:00,07:00-21:00,07:00-21:00,Zatvoreno
https://www.studenac.hr/trgovine/664/t688-brisevo,"Križanje mazija 6A, Briševo",24.03 - 30.03.2025.,07:00-21:00,07:00-21:00,07:00-21:00,07:00-21:00,07:00-21:00,07:00-21:00,07:00-21:00
https://www.studenac.hr/trgovine/106/t324-brnaze,"Brnaze 437, Brnaze",24.03 - 30.03.2025.,06:30-21:00,06:30-21:00,06:30-21:00,06:30-21:00,06:30-21:00,06:30-21:00,Zatvoreno
https://www.studenac.hr/trgovine/889/t1029-brocice,"Svetog Mihovila 71, Bročice",24.03 - 30.03.2025.,06:30-21:00,06:30-21:00,06:30-21:00,06:30-21:00,06:30-21:00,06:30-21:00,Zatvoreno
https://www.studenac.hr/trgovine/217/t199-brodarica,"Partizanska 49, Brodarica",24.03 - 30.03.2025.,07:00-21:00,07:00-21:00,07:00-21:00,07:00-21:00,07:00-21:00,07:00-21:00,Zatvoreno
https://www.studenac.hr/trgovine/1485/t1641-brodski-stupnik,"Hrvatskih branitelja 284, Brodski Stupnik",24.03 - 30.03.2025.,06:30-20:00,06:30-20:00,06:30-20:00,06:30-20:00,06:30-20:00,07:30-20:00,08:00-14:00
https://www.studenac.hr/trgovine/518/t547-brtonigla,"Bunarska ulica 2, Brtonigla",24.03 - 30.03.2025.,07:00-20:30,07:00-20:30,07:00-20:30,07:00-20:30,07:00-20:30,07:00-20:30,Zatvoreno
https://www.studenac.hr/trgovine/914/t1072-budasevo,"Malo Budaševo 155, Budaševo",24.03 - 30.03.2025.,07:00-20:00,07:00-20:00,07:00-20:00,07:00-20:00,07:00-20:00,07:00-20:00,Zatvoreno
https://www.studenac.hr/trgovine/1032/t1258-budrovac,"Bilogorska 61, Budrovac",24.03 - 30.03.2025.,07:00-18:00,07:00-18:00,07:00-18:00,07:00-18:00,07:00-18:00,07:00-17:00,Zatvoreno
https://www.studenac.hr/trgovine/1364/t1429-bulinac,"Bulinac 69, Bulinac",24.03 - 30.03.2025.,07:00-20:00,07:00-20:00,07:00-20:00,07:00-20:00,07:00-20:00,07:00-20:00,08:00-14:00
https://www.studenac.hr/trgovine/515/t544-buzet,"Trg Fontana 8/2, Buzet",24.03 - 30.03.2025.,07:00-20:30,07:00-20:30,07:00-20:30,07:00-20:30,07:00-20:30,07:00-20:30,Zatvoreno
https://www.studenac.hr/trgovine/1425/t1552-carevdar,"Carevdar 82, Carevdar",24.03 - 30.03.2025.,07:00-20:00,07:00-20:00,07:00-20:00,07:00-20:00,07:00-20:00,07:00-20:00,Zatvoreno
https://www.studenac.hr/trgovine/8/t427-cavtat,"Trumbićev put 5, Cavtat",24.03 - 30.03.2025.,07:00-20:00,07:00-20:00,07:00-20:00,07:00-20:00,07:00-20:00,07:00-20:00,Zatvoreno
https://www.studenac.hr/trgovine/840/t818-cavtat,"Trumbićev put 8, Cavtat",24.03 - 30.03.2025.,07:00-22:00,07:00-22:00,07:00-22:00,07:00-22:00,07:00-22:00,07:00-22:00,Zatvoreno
https://www.studenac.hr/trgovine/841/t819-cavtat,"Put od Cavtata 25, Cavtat",24.03 - 30.03.2025.,07:00-21:00,07:00-21:00,07:00-21:00,07:00-21:00,07:00-21:00,07:00-21:00,Zatvoreno
https://www.studenac.hr/trgovine/842/t820-cavtat,"Put Uskoplja 3B, Cavtat",24.03 - 30.03.2025.,07:00-21:00,07:00-21:00,07:00-21:00,07:00-21:00,07:00-21:00,07:00-21:00,07:00-21:00
https://www.studenac.hr/trgovine/1166/t1180-cerje,"Podolnica 15, Cerje",24.03 - 30.03.2025.,06:30-20:00,06:30-20:00,06:30-20:00,06:30-20:00,06:30-20:00,06:30-20:00,08:00-14:00
https://www.studenac.hr/trgovine/514/t543-cerovlje,"Cerovlje 12B, Cerovlje",24.03 - 30.03.2025.,07:00-20:30,07:00-20:30,07:00-20:30,07:00-20:30,07:00-20:30,07:00-20:30,Zatvoreno
https://www.studenac.hr/trgovine/779/t860-cetingrad,"Trg Hrvatskih Branitelja 1, Cetingrad",24.03 - 30.03.2025.,06:30-21:00,06:30-21:00,06:30-21:00,06:30-21:00,06:30-21:00,06:30-21:00,Zatvoreno
https://www.studenac.hr/trgovine/1012/t1226-ciglena,"Ciglena 33, Ciglena",24.03 - 30.03.2025.,07:00-14:00,07:00-14:00,07:00-14:00,07:00-14:00,07:00-14:00,07:00-12:00,Zatvoreno
https://www.studenac.hr/trgovine/1237/t1463-cirkovljan,"Trg Sv. Lovre 1, Cirkovljan",24.03 - 30.03.2025.,07:00-20:00,07:00-20:00,07:00-20:00,07:00-20:00,07:00-20:00,07:00-20:00,Zatvoreno
https://www.studenac.hr/trgovine/100/t335-cista-provo,"Domovinskog rata 12A, Cista Provo",24.03 - 30.03.2025.,07:00-21:00,07:00-21:00,07:00-21:00,07:00-21:00,07:00-21:00,07:00-21:00,07:00-21:00
https://www.studenac.hr/trgovine/751/t797-cista-velika,"Trg Mate Vučka Čigre 3, Cista Velika",24.03 - 30.03.2025.,07:00-21:00,07:00-21:00,07:00-21:00,07:00-21:00,07:00-21:00,07:00-21:00,Zatvoreno
https://www.studenac.hr/trgovine/815/t902-crikvenica,"Braće dr. Sobol 44, Crikvenica",24.03 - 30.03.2025.,07:00-21:00,07:00-21:00,07:00-21:00,07:00-21:00,07:00-21:00,07:00-21:00,Zatvoreno
https://www.studenac.hr/trgovine/741/t740-crikvenica,"Ladvić 12b, Crikvenica",24.03 - 30.03.2025.,07:00-20:00,07:00-20:00,07:00-20:00,07:00-20:00,07:00-20:00,07:00-20:00,Zatvoreno
https://www.studenac.hr/trgovine/642/t708-crno,"Crno 77, Crno",24.03 - 30.03.2025.,07:00-21:00,07:00-21:00,07:00-21:00,07:00-21:00,07:00-21:00,07:00-21:00,Zatvoreno
https://www.studenac.hr/trgovine/1104/t972-cakovec,"Uska ulica 1, Čakovec",24.03 - 30.03.2025.,07:00-20:00,07:00-20:00,07:00-20:00,07:00-20:00,07:00-20:00,07:00-20:00,Zatvoreno
https://www.studenac.hr/trgovine/743/t781-cavle,"Čavja 72, Čavle",24.03 - 30.03.2025.,07:00-21:30,07:00-21:30,07:00-21:30,07:00-21:30,07:00-21:30,07:00-21:30,Zatvoreno
https://www.studenac.hr/trgovine/1621/t1740-cazma,"Ul. Kralja Tomislava 10, Čazma",24.03 - 30.03.2025.,07:00-21:00,07:00-21:00,07:00-21:00,07:00-21:00,07:00-21:00,07:00-21:00,08:00-16:00
https://www.studenac.hr/trgovine/1407/t1534-celopeci,"Na Rijeci 14, Čelopeci",24.03 - 30.03.2025.,07:00-21:00,07:00-21:00,07:00-21:00,07:00-21:00,07:00-21:00,07:00-21:00,07:00-21:00
https://www.studenac.hr/trgovine/1182/t1259-cepelovac,"Planinska 43, Čepelovac",24.03 - 30.03.2025.,06:30-20:30,06:30-20:30,06:30-20:30,06:30-20:30,06:30-20:30,07:00-20:30,Zatvoreno
https://www.studenac.hr/trgovine/1263/t1334-cepic,"Deželić 8, Čepić",24.03 - 30.03.2025.,07:00-20:00,07:00-20:00,07:00-20:00,07:00-20:00,07:00-20:00,07:00-20:00,Zatvoreno
https://www.studenac.hr/trgovine/1459/t1605-cepin,"Ulica Kralja Zvonimira 54, Čepin",24.03 - 30.03.2025.,07:00-21:00,07:00-21:00,07:00-21:00,07:00-21:00,07:00-21:00,07:00-21:00,Zatvoreno
https://www.studenac.hr/trgovine/421/t557-cervar-porat,"Kolombera 3, Červar Porat",24.03 - 30.03.2025.,Zatvoreno,Zatvoreno,Zatvoreno,Zatvoreno,Zatvoreno,Zatvoreno,Zatvoreno
https://www.studenac.hr/trgovine/832/t933-cibaca,"Mišići 14, Čibača",24.03 - 30.03.2025.,07:00-21:00,07:00-21:00,07:00-21:00,07:00-21:00,07:00-21:00,07:00-21:00,Zatvoreno
https://www.studenac.hr/trgovine/843/t821-cilipi,"Bistroće 66, Čilipi",24.03 - 30.03.2025.,Zatvoreno,Zatvoreno,Zatvoreno,Zatvoreno,Zatvoreno,Zatvoreno,Zatvoreno
https://www.studenac.hr/trgovine/1512/t894-cilipi,"Bistroće 60 a, Čilipi",24.03 - 30.03.2025.,07:00-21:00,07:00-21:00,07:00-21:00,07:00-21:00,07:00-21:00,07:00-21:00,Zatvoreno
https://www.studenac.hr/trgovine/975/t1171-crecan,"Črečan 2D, Črečan",24.03 - 30.03.2025.,07:00-14:00,07:00-14:00,07:00-14:00,07:00-14:00,07:00-14:00,07:00-14:00,Zatvoreno
https://www.studenac.hr/trgovine/995/t1203-cukovec,"Glavna ulica 16, Čukovec",24.03 - 30.03.2025.,07:00-18:00,07:00-18:00,07:00-18:00,07:00-18:00,07:00-18:00,08:00-17:00,08:00-15:00
https://www.studenac.hr/trgovine/1509/t1658-darda,"Svetog Ivana Krstitelja 69, Darda",24.03 - 30.03.2025.,07:00-21:00,07:00-21:00,07:00-21:00,07:00-21:00,07:00-21:00,07:00-21:00,08:00-18:00
https://www.studenac.hr/trgovine/1096/t944-daruvar,"Ulica Josipa Jelačića 7, Daruvar",24.03 - 30.03.2025.,07:00-21:00,07:00-21:00,07:00-21:00,07:00-21:00,07:00-21:00,07:00-21:00,Zatvoreno
https://www.studenac.hr/trgovine/1164/t1174-deanovec,"Ulica Josipa Badalića 69, Deanovec",24.03 - 30.03.2025.,07:00-20:00,07:00-20:00,07:00-20:00,07:00-20:00,07:00-20:00,07:00-20:00,Zatvoreno
https://www.studenac.hr/trgovine/647/t650-debeljak,"Hrvatskih branitelja 3, Debeljak",24.03 - 30.03.2025.,07:00-21:00,07:00-21:00,07:00-21:00,07:00-21:00,07:00-21:00,07:00-21:00,07:00-21:00
https://www.studenac.hr/trgovine/1196/t1360-desinic,"Ulica Stjepana Radića 2, Desinić",24.03 - 30.03.2025.,06:30-21:00,06:30-21:00,06:30-21:00,06:30-21:00,06:30-21:00,07:00-21:00,Zatvoreno
https://www.studenac.hr/trgovine/104/t332-dicmo,"Sičane 7A, Dicmo",24.03 - 30.03.2025.,06:00-20:30,06:00-20:30,06:00-20:30,06:00-20:30,06:00-20:30,06:00-20:30,Zatvoreno
https://www.studenac.hr/trgovine/1137/t960-dicmo,"Krušvar 114, Dicmo",24.03 - 30.03.2025.,07:00-20:30,07:00-20:30,07:00-20:30,07:00-20:30,07:00-20:30,07:00-20:30,07:00-21:00
https://www.studenac.hr/trgovine/1140/t965-dicmo,"Osoje 93, Dicmo",24.03 - 30.03.2025.,06:00-20:00,06:00-20:00,06:00-20:00,06:00-20:00,06:00-20:00,06:00-20:00,Zatvoreno
https://www.studenac.hr/trgovine/124/t310-dicmo,"Prisoje 18, Dicmo",24.03 - 30.03.2025.,06:00-20:00,06:00-20:00,06:00-20:00,06:00-20:00,06:00-20:00,06:00-20:00,Zatvoreno
https://www.studenac.hr/trgovine/207/t092-dicmo,"Prisoje 44, Dicmo",24.03 - 30.03.2025.,07:00-21:00,07:00-21:00,07:00-21:00,07:00-21:00,07:00-21:00,07:00-21:00,07:00-20:00
https://www.studenac.hr/trgovine/1243/t968-dicmo,"Kraj 53A, Dicmo",24.03 - 30.03.2025.,07:00-20:00,07:00-20:00,07:00-20:00,07:00-20:00,07:00-20:00,07:00-20:00,Zatvoreno
https://www.studenac.hr/trgovine/1159/t1162-dobrodol,"Vugrovečka cesta 62, Dobrodol",24.03 - 30.03.2025.,07:00-21:00,07:00-21:00,07:00-21:00,07:00-21:00,07:00-21:00,07:00-21:00,Zatvoreno
https://www.studenac.hr/trgovine/1117/t1367-donja-bistra,"Stubička ulica 540, Donja Bistra",24.03 - 30.03.2025.,06:30-20:00,06:30-20:00,06:30-20:00,06:30-20:00,06:30-20:00,06:30-20:00,Zatvoreno
https://www.studenac.hr/trgovine/1244/t1059-donja-budicina,,,,,,,,,
https://www.studenac.hr/trgovine/1163/t1169-donja-drenova,"Donja Drenova 28A, Donja Drenova",24.03 - 30.03.2025.,07:00-14:00,07:00-14:00,07:00-14:00,07:00-14:00,07:00-14:00,07:00-14:00,Zatvoreno
https://www.studenac.hr/trgovine/1414/t1545-donja-dubrava,"Trg Republike 23, Donja Dubrava",24.03 - 30.03.2025.,06:30-20:00,06:30-20:00,06:30-20:00,06:30-20:00,06:30-20:00,06:30-20:00,Zatvoreno
https://www.studenac.hr/trgovine/1062/t1049-donja-gracenica,"Školska ulica 56, Donja Gračenica",24.03 - 30.03.2025.,06:30-20:00,06:30-20:00,06:30-20:00,06:30-20:00,06:30-20:00,06:30-20:00,08:00-18:00
https://www.studenac.hr/trgovine/1391/t1528-donja-lomnica,"Odranska 88, Donja Lomnica",24.03 - 30.03.2025.,07:00-21:00,07:00-21:00,07:00-21:00,07:00-21:00,07:00-21:00,07:00-21:00,Zatvoreno
https://www.studenac.hr/trgovine/1394/t1531-donja-lomnica,"Školska 26, Donja Lomnica",24.03 - 30.03.2025.,06:30-21:00,06:30-21:00,06:30-21:00,06:30-21:00,06:30-21:00,06:30-21:00,Zatvoreno
https://www.studenac.hr/trgovine/980/t1181-donja-zdencina,"Matije Gupca 1, Donja Zdenčina",24.03 - 30.03.2025.,07:00-21:00,07:00-21:00,07:00-21:00,07:00-21:00,07:00-21:00,07:00-21:00,08:00-16:00
https://www.studenac.hr/trgovine/718/t756-donje-rastane,"Donje Raštane 48, Donje Raštane",24.03 - 30.03.2025.,07:00-20:00,07:00-20:00,07:00-20:00,07:00-20:00,07:00-20:00,07:00-20:00,Zatvoreno
https://www.studenac.hr/trgovine/1155/t1143-donji-desinec,"Donji Desinec 3, Donji Desinec",24.03 - 30.03.2025.,07:00-21:00,07:00-21:00,07:00-21:00,07:00-21:00,07:00-21:00,07:00-21:00,Zatvoreno
https://www.studenac.hr/trgovine/1612/t1482-donji-kneginec,"ul. Grada Lipika 10, Donji Kneginec",24.03 - 30.03.2025.,08:00-20:00,08:00-20:00,08:00-20:00,08:00-20:00,08:00-20:00,08:00-20:00,Zatvoreno
https://www.studenac.hr/trgovine/1486/t1636-donji-kraljevec,"Ulica Gornji Kraj 10, Donji Kraljevec",24.03 - 30.03.2025.,07:00-20:00,07:00-20:00,07:00-20:00,07:00-20:00,07:00-20:00,07:00-20:00,Zatvoreno
https://www.studenac.hr/trgovine/1188/t1352-donji-laduc,"Zagrebačka ulica 28, Donji Laduč",24.03 - 30.03.2025.,06:30-21:00,06:30-21:00,06:30-21:00,06:30-21:00,06:30-21:00,07:00-21:00,Zatvoreno
https://www.studenac.hr/trgovine/1372/t1511-donji-miholjac,,,,,,,,,
https://www.studenac.hr/trgovine/934/t1097-donji-vidusevac,"Pokupljanska ulica 38A, Donji Viduševac",24.03 - 30.03.2025.,07:00-21:00,07:00-21:00,07:00-21:00,07:00-21:00,07:00-21:00,07:00-21:00,Zatvoreno
https://www.studenac.hr/trgovine/1466/t1577-drace,"Drače 52 (Janjina), Drače",24.03 - 30.03.2025.,Zatvoreno,Zatvoreno,Zatvoreno,Zatvoreno,Zatvoreno,Zatvoreno,Zatvoreno
https://www.studenac.hr/trgovine/992/t1200-dragalic,"Kralja Tomislava 165, Dragalić",24.03 - 30.03.2025.,06:30-20:00,06:30-20:00,06:30-20:00,06:30-20:00,06:30-20:00,07:30-20:00,08:00-14:00
https://www.studenac.hr/trgovine/812/t785-drage,"Dr. Franje Tuđmana 2, Drage",24.03 - 30.03.2025.,Zatvoreno,Zatvoreno,Zatvoreno,Zatvoreno,Zatvoreno,Zatvoreno,Zatvoreno
https://www.studenac.hr/trgovine/640/t697-drage,"Ulica Blaža Jurišića 1, Drage",24.03 - 30.03.2025.,07:00-21:00,07:00-21:00,07:00-21:00,07:00-21:00,07:00-21:00,07:00-21:00,Zatvoreno
https://www.studenac.hr/trgovine/1479/t1498-drage,"Put Malenice bb, Drage",24.03 - 30.03.2025.,Zatvoreno,Zatvoreno,Zatvoreno,Zatvoreno,Zatvoreno,Zatvoreno,Zatvoreno
https://www.studenac.hr/trgovine/714/t772-drage,"D8 13, Drage, Drage",24.03 - 30.03.2025.,06:30-21:00,06:30-21:00,06:30-21:00,06:30-21:00,06:30-21:00,06:30-21:00,07:00-21:00
https://www.studenac.hr/trgovine/674/t629-dramalj,"Dramaljsko selce 32, Dramalj",24.03 - 30.03.2025.,07:00-21:00,07:00-21:00,07:00-21:00,07:00-21:00,07:00-21:00,07:00-21:00,Zatvoreno
https://www.studenac.hr/trgovine/814/t898-drasnice,"Drašnice 183, Drašnice",24.03 - 30.03.2025.,Zatvoreno,Zatvoreno,Zatvoreno,Zatvoreno,Zatvoreno,Zatvoreno,Zatvoreno
https://www.studenac.hr/trgovine/1180/t1238-drazica,"Dražica 71, Dražica",24.03 - 30.03.2025.,08:00-15:00,08:00-15:00,08:00-15:00,08:00-15:00,08:00-15:00,08:00-13:00,Zatvoreno
https://www.studenac.hr/trgovine/782/t863-dreznik-grad,"Drežnik Grad 1, Drežnik Grad",24.03 - 30.03.2025.,06:30-21:00,06:30-21:00,06:30-21:00,06:30-21:00,06:30-21:00,06:30-21:00,Zatvoreno
https://www.studenac.hr/trgovine/28/t410-drnis,"Trg kralja Tomislava 14, Drniš",24.03 - 30.03.2025.,06:30-21:00,06:30-21:00,06:30-21:00,06:30-21:00,06:30-21:00,06:30-21:00,07:00-21:00
https://www.studenac.hr/trgovine/635/t635-drnis,"Ulica Ivana Meštrovića 81, Drniš",24.03 - 30.03.2025.,07:00-21:00,07:00-21:00,07:00-21:00,07:00-21:00,07:00-21:00,07:00-21:00,Zatvoreno
https://www.studenac.hr/trgovine/1449/t1554-drnje,"Pemija 40, Drnje",24.03 - 30.03.2025.,06:30-19:30,06:30-19:30,06:30-19:30,06:30-19:30,06:30-19:30,06:30-19:30,Zatvoreno
https://www.studenac.hr/trgovine/185/t064-drvenik,"Donja Vala 76, Drvenik",24.03 - 30.03.2025.,07:00-21:00,07:00-21:00,07:00-21:00,07:00-21:00,07:00-21:00,07:00-21:00,Zatvoreno
https://www.studenac.hr/trgovine/1470/t1606-drvenik,"Donjal Vala 113, Drvenik",24.03 - 30.03.2025.,Zatvoreno,Zatvoreno,Zatvoreno,Zatvoreno,Zatvoreno,Zatvoreno,Zatvoreno
https://www.studenac.hr/trgovine/1171/t1196-dubovac,"Dubovac 66, Dubovac",24.03 - 30.03.2025.,06:00-19:30,06:00-19:30,06:00-19:30,06:00-19:30,06:00-19:30,07:00-19:00,08:00-14:00
https://www.studenac.hr/trgovine/1276/t1449-dubrava,"Trg Slobode 9, Dubrava",24.03 - 30.03.2025.,07:00-20:00,07:00-20:00,07:00-20:00,07:00-20:00,07:00-20:00,07:00-20:00,Zatvoreno
https://www.studenac.hr/trgovine/844/t822-dubravka,"Butkovina 46, Dubravka",24.03 - 30.03.2025.,07:00-14:00,07:00-14:00,07:00-14:00,07:00-14:00,07:00-14:00,07:00-12:00,Zatvoreno
https://www.studenac.hr/trgovine/3/t431-dubrovnik,"Ulica Frana Supila 35, Dubrovnik",24.03 - 30.03.2025.,07:00-21:00,07:00-21:00,07:00-21:00,07:00-21:00,07:00-21:00,07:00-21:00,Zatvoreno
https://www.studenac.hr/trgovine/4/t430-dubrovnik,"Ulica Iva Dulčića 20A, Dubrovnik",24.03 - 30.03.2025.,07:00-21:00,07:00-21:00,07:00-21:00,07:00-21:00,07:00-21:00,07:00-21:00,Zatvoreno
https://www.studenac.hr/trgovine/551/t480-dubrovnik,"Ulica Iva Vojnovića 83, Dubrovnik",24.03 - 30.03.2025.,07:00-21:00,07:00-21:00,07:00-21:00,07:00-21:00,07:00-21:00,07:00-21:00,Zatvoreno
https://www.studenac.hr/trgovine/1098/t970-dubrovnik,"Ulica Pera Čingrije 2, Dubrovnik",24.03 - 30.03.2025.,07:00-21:00,07:00-21:00,07:00-21:00,07:00-21:00,07:00-21:00,07:00-21:00,Zatvoreno
https://www.studenac.hr/trgovine/845/t823-dubrovnik,"Obala Ivana Pavla II 41, Dubrovnik",24.03 - 30.03.2025.,07:00-21:00,07:00-21:00,07:00-21:00,07:00-21:00,07:00-21:00,07:00-21:00,Zatvoreno
https://www.studenac.hr/trgovine/846/t824-dubrovnik,"Ulica Mata Vodopića 5, Dubrovnik",24.03 - 30.03.2025.,07:00-21:00,07:00-21:00,07:00-21:00,07:00-21:00,07:00-21:00,07:00-21:00,Zatvoreno
https://www.studenac.hr/trgovine/79/t356-dubrovnik,"Ulica uz Jadransku cestu 48A, Dubrovnik",24.03 - 30.03.2025.,07:00-21:00,07:00-21:00,07:00-21:00,07:00-21:00,07:00-21:00,07:00-21:00,Zatvoreno
https://www.studenac.hr/trgovine/848/t826-dubrovnik,"Ulica kneza Branimira 2, Dubrovnik",24.03 - 30.03.2025.,07:00-21:00,07:00-21:00,07:00-21:00,07:00-21:00,07:00-21:00,07:00-21:00,Zatvoreno
https://www.studenac.hr/trgovine/850/t828-dubrovnik,"Liechtensteinov put 9, Dubrovnik",24.03 - 30.03.2025.,07:00-21:00,07:00-21:00,07:00-21:00,07:00-21:00,07:00-21:00,07:00-21:00,Zatvoreno
https://www.studenac.hr/trgovine/851/t829-dubrovnik,"Ulica Andrije Hebranga 76, Dubrovnik",24.03 - 30.03.2025.,07:00-21:00,07:00-21:00,07:00-21:00,07:00-21:00,07:00-21:00,07:00-21:00,Zatvoreno
https://www.studenac.hr/trgovine/852/t830-dubrovnik,"Ulica Riječka 9, Dubrovnik",24.03 - 30.03.2025.,07:00-21:00,07:00-21:00,07:00-21:00,07:00-21:00,07:00-21:00,07:00-21:00,Zatvoreno
https://www.studenac.hr/trgovine/853/t831-dubrovnik,"Tiha ulica 2, Dubrovnik",24.03 - 30.03.2025.,07:00-21:00,07:00-21:00,07:00-21:00,07:00-21:00,07:00-21:00,07:00-21:00,Zatvoreno
https://www.studenac.hr/trgovine/86/t825-dubrovnik,"Obala Stjepana Radića 25, Dubrovnik",24.03 - 30.03.2025.,07:00-21:00,07:00-21:00,07:00-21:00,07:00-21:00,07:00-21:00,07:00-21:00,07:00-21:00
https://www.studenac.hr/trgovine/854/t832-dubrovnik,"Ulica kneza Domagoja 2, Dubrovnik",24.03 - 30.03.2025.,07:00-21:00,07:00-21:00,07:00-21:00,07:00-21:00,07:00-21:00,07:00-21:00,Zatvoreno
https://www.studenac.hr/trgovine/855/t833-dubrovnik,"Ulica Josipa Kosora 24, Dubrovnik",24.03 - 30.03.2025.,07:00-21:00,07:00-21:00,07:00-21:00,07:00-21:00,07:00-21:00,07:00-21:00,07:00-21:00
https://www.studenac.hr/trgovine/856/t834-dubrovnik,"Ul. Kr. Petra Krešimira IV 39, Dubrovnik",24.03 - 30.03.2025.,07:00-21:00,07:00-21:00,07:00-21:00,07:00-21:00,07:00-21:00,07:00-21:00,Zatvoreno
https://www.studenac.hr/trgovine/89/t351-dubrovnik,"Zagrebačka ulica 68, Dubrovnik",24.03 - 30.03.2025.,07:00-21:00,07:00-21:00,07:00-21:00,07:00-21:00,07:00-21:00,07:00-21:00,Zatvoreno
https://www.studenac.hr/trgovine/857/t835-dubrovnik,"Antuninska ulica 4, Dubrovnik",24.03 - 30.03.2025.,07:00-21:00,07:00-21:00,07:00-21:00,07:00-21:00,07:00-21:00,07:00-21:00,Zatvoreno
https://www.studenac.hr/trgovine/858/t836-dubrovnik,"Ulica Andrije Hebranga 14, Dubrovnik",24.03 - 30.03.2025.,07:00-22:00,07:00-22:00,07:00-22:00,07:00-22:00,07:00-22:00,07:00-22:00,Zatvoreno
https://www.studenac.hr/trgovine/859/t837-dubrovnik,"Ulica od Batale 2A, Dubrovnik",24.03 - 30.03.2025.,07:00-22:00,07:00-22:00,07:00-22:00,07:00-22:00,07:00-22:00,07:00-22:00,Zatvoreno
https://www.studenac.hr/trgovine/860/t838-dubrovnik,"Ulica od Svetog Mihajla 37A, Dubrovnik",24.03 - 30.03.2025.,07:00-21:00,07:00-21:00,07:00-21:00,07:00-21:00,07:00-21:00,07:00-21:00,Zatvoreno
https://www.studenac.hr/trgovine/861/t840-dubrovnik,"Vukovarska ulica 26, Dubrovnik",24.03 - 30.03.2025.,07:00-22:00,07:00-22:00,07:00-22:00,07:00-22:00,07:00-22:00,07:00-22:00,07:00-21:00
https://www.studenac.hr/trgovine/862/t841-dubrovnik,"Frana Supila 5, Dubrovnik",24.03 - 30.03.2025.,07:00-21:00,07:00-21:00,07:00-21:00,07:00-21:00,07:00-21:00,07:00-21:00,Zatvoreno
https://www.studenac.hr/trgovine/863/t842-dubrovnik,"Ulica dr. Ante Šercera 2, Dubrovnik",24.03 - 30.03.2025.,07:00-21:00,07:00-21:00,07:00-21:00,07:00-21:00,07:00-21:00,07:00-21:00,Zatvoreno
https://www.studenac.hr/trgovine/390/t276-dubrovnik,"Ul. generala Janka Bobetka 3, Dubrovnik",24.03 - 30.03.2025.,07:00-21:00,07:00-21:00,07:00-21:00,07:00-21:00,07:00-21:00,07:00-21:00,07:00-21:00
https://www.studenac.hr/trgovine/391/t275-dubrovnik,"Tenturija ulica 70, Dubrovnik",24.03 - 30.03.2025.,07:00-21:00,07:00-21:00,07:00-21:00,07:00-21:00,07:00-21:00,07:00-21:00,Zatvoreno
https://www.studenac.hr/trgovine/392/t282-dubrovnik,"Mohovo 17, Dubrovnik",24.03 - 30.03.2025.,07:00-21:00,07:00-21:00,07:00-21:00,07:00-21:00,07:00-21:00,07:00-21:00,Zatvoreno
https://www.studenac.hr/trgovine/405/t440-dubrovnik,"Ulica Nikole Tesle 6, Dubrovnik",24.03 - 30.03.2025.,07:00-21:00,07:00-21:00,07:00-21:00,07:00-21:00,07:00-21:00,07:00-21:00,Zatvoreno
https://www.studenac.hr/trgovine/408/t262-dubrovnik,"Masarykov put 3C, Dubrovnik",24.03 - 30.03.2025.,07:00-21:00,07:00-21:00,07:00-21:00,07:00-21:00,07:00-21:00,07:00-21:00,Zatvoreno
https://www.studenac.hr/trgovine/413/t447-dubrovnik,"Ulica Iva Vojnovića 6, Dubrovnik",24.03 - 30.03.2025.,07:00-21:00,07:00-21:00,07:00-21:00,07:00-21:00,07:00-21:00,07:00-21:00,Zatvoreno
https://www.studenac.hr/trgovine/685/t624-dubrovnik,"Ulica kardinala Stepinca 1E, Dubrovnik",24.03 - 30.03.2025.,07:00-21:00,07:00-21:00,07:00-21:00,07:00-21:00,07:00-21:00,07:00-21:00,Zatvoreno
https://www.studenac.hr/trgovine/760/t803-dubrovnik,"Zagrebačka ulica 44, Dubrovnik",24.03 - 30.03.2025.,07:00-21:00,07:00-21:00,07:00-21:00,07:00-21:00,07:00-21:00,07:00-21:00,Zatvoreno
https://www.studenac.hr/trgovine/1279/t839-dubrovnik,"Ul. Vatroslava Lisinskog 60, Dubrovnik",24.03 - 30.03.2025.,Zatvoreno,Zatvoreno,Zatvoreno,Zatvoreno,Zatvoreno,Zatvoreno,Zatvoreno
https://www.studenac.hr/trgovine/1247/t1274-duga-rijeka,"Duga Rijeka 3, Duga Rijeka",24.03 - 30.03.2025.,07:00-20:00,07:00-20:00,07:00-20:00,07:00-20:00,07:00-20:00,07:00-20:00,08:00-15:00
https://www.studenac.hr/trgovine/43/t384-dugi-rat,"Poljička Cesta 22, Dugi Rat",24.03 - 30.03.2025.,07:00-21:00,07:00-21:00,07:00-21:00,07:00-21:00,07:00-21:00,07:00-21:00,Zatvoreno
https://www.studenac.hr/trgovine/150/t007-dugi-rat,"Jadranska ulica 14, Dugi Rat",24.03 - 30.03.2025.,07:00-22:00,07:00-22:00,07:00-22:00,07:00-22:00,07:00-22:00,07:00-22:00,07:00-22:00
https://www.studenac.hr/trgovine/156/t020-dugi-rat,"Poljička cesta, Sumpetar 26, Dugi Rat",24.03 - 30.03.2025.,06:30-21:00,06:30-21:00,06:30-21:00,06:30-21:00,06:30-21:00,06:30-21:00,Zatvoreno
https://www.studenac.hr/trgovine/1618/t1746-dugo-selo,"Zagrebačka ulica 145 b, Dugo Selo",24.03 - 30.03.2025.,06:30-20:00,06:30-20:00,06:30-20:00,06:30-20:00,06:30-20:00,06:30-20:00,08:00-20:00
https://www.studenac.hr/trgovine/1157/t1156-dugo-selo,"Ulica Josipa Zorića 80, Dugo Selo",24.03 - 30.03.2025.,06:30-21:00,06:30-21:00,06:30-21:00,06:30-21:00,06:30-21:00,06:30-21:00,08:00-18:00
https://www.studenac.hr/trgovine/970/t1159-dugo-selo,"Ulica Josipa Zorića 22, Dugo Selo",24.03 - 30.03.2025.,06:30-21:00,06:30-21:00,06:30-21:00,06:30-21:00,06:30-21:00,06:30-21:00,Zatvoreno
https://www.studenac.hr/trgovine/1142/t969-dugopolje,"Svih Svetih 3, Dugopolje",24.03 - 30.03.2025.,07:00-14:00,07:00-14:00,07:00-14:00,07:00-14:00,07:00-14:00,07:00-14:00,Zatvoreno
https://www.studenac.hr/trgovine/940/t1107-dvor,"Ul. Zrinskih i Frankopana 11A, Dvor",24.03 - 30.03.2025.,06:30-20:00,06:30-20:00,06:30-20:00,06:30-20:00,06:30-20:00,06:30-20:00,Zatvoreno
https://www.studenac.hr/trgovine/941/t1108-dvor,"Ulica Hrvatskog proljeća 2, Dvor",24.03 - 30.03.2025.,06:30-21:00,06:30-21:00,06:30-21:00,06:30-21:00,06:30-21:00,06:30-21:00,Zatvoreno
https://www.studenac.hr/trgovine/1591/t1731-akovo,"Kralja Tomislava 3, Đakovo",24.03 - 30.03.2025.,07:00-21:00,07:00-21:00,07:00-21:00,07:00-21:00,07:00-21:00,07:00-21:00,Zatvoreno
https://www.studenac.hr/trgovine/1504/t1698-akovo,"Vladimira Nazora 81, Đakovo",24.03 - 30.03.2025.,07:00-21:00,07:00-21:00,07:00-21:00,07:00-21:00,07:00-21:00,07:00-21:00,08:00-18:00
https://www.studenac.hr/trgovine/1433/t1553-elekovec,"Pavla Kvakana 2, Đelekovec",24.03 - 30.03.2025.,07:00-21:00,07:00-21:00,07:00-21:00,07:00-21:00,07:00-21:00,07:00-21:00,08:00-15:00
https://www.studenac.hr/trgovine/1533/t1712-ulovac,"Đurina ulica 124, Đulovac",24.03 - 30.03.2025.,06:30-21:00,06:30-21:00,06:30-21:00,06:30-21:00,06:30-21:00,06:30-21:00,08:00-18:00
https://www.studenac.hr/trgovine/1160/t1165-urekovec,"Glavna cesta 35, Đurđekovec",24.03 - 30.03.2025.,07:00-21:00,07:00-21:00,07:00-21:00,07:00-21:00,07:00-21:00,07:00-21:00,08:00-21:00
https://www.studenac.hr/trgovine/1031/t1257-urevac,"Ulica kralja Tomislava 69, Đurđevac",24.03 - 30.03.2025.,06:30-21:00,06:30-21:00,06:30-21:00,06:30-21:00,06:30-21:00,07:00-21:00,07:00-18:00
https://www.studenac.hr/trgovine/1034/t1262-urevac,"Vinogradska 1, Đurđevac",24.03 - 30.03.2025.,06:30-18:00,06:30-18:00,06:30-18:00,06:30-18:00,06:30-18:00,07:00-17:00,Zatvoreno
https://www.studenac.hr/trgovine/1036/t1264-urevac,"Stjepana Radića 110, Đurđevac",24.03 - 30.03.2025.,06:30-20:30,06:30-20:30,06:30-20:30,06:30-20:30,06:30-20:30,07:00-20:30,07:00-18:00
https://www.studenac.hr/trgovine/1037/t1265-urevac,"Grkinska ulica 2, Đurđevac",24.03 - 30.03.2025.,06:30-21:00,06:30-21:00,06:30-21:00,06:30-21:00,06:30-21:00,07:00-21:00,Zatvoreno
https://www.studenac.hr/trgovine/1192/t1356-urmanec,"Hromec 49, Đurmanec",24.03 - 30.03.2025.,07:00-20:00,07:00-20:00,07:00-20:00,07:00-20:00,07:00-20:00,07:00-20:00,07:00-14:00
https://www.studenac.hr/trgovine/1252/t1422-farkasevac,"Farkaševac 47, Farkaševac",24.03 - 30.03.2025.,07:00-20:30,07:00-20:30,07:00-20:30,07:00-20:30,07:00-20:30,07:00-20:30,Zatvoreno
https://www.studenac.hr/trgovine/562/t604-fazana,"Ulica Kvart Mimoza 47, Fažana",24.03 - 30.03.2025.,07:00-20:30,07:00-20:30,07:00-20:30,07:00-20:30,07:00-20:30,07:00-20:30,Zatvoreno
https://www.studenac.hr/trgovine/454/t581-fazana-fasana,"Perojska cesta 41, Fažana (Fasana)",24.03 - 30.03.2025.,Zatvoreno,08:00-16:00,Zatvoreno,Zatvoreno,Zatvoreno,Zatvoreno,Zatvoreno
https://www.studenac.hr/trgovine/458/t496-fazana-fasana,"Ulica Svete Margarete 2, Fažana (Fasana)",24.03 - 30.03.2025.,07:00-21:00,07:00-21:00,07:00-21:00,07:00-21:00,07:00-21:00,07:00-21:00,Zatvoreno
https://www.studenac.hr/trgovine/1055/t1285-ferdinandovac,"Trg Slobode 27, Ferdinandovac",24.03 - 30.03.2025.,06:30-21:00,06:30-21:00,06:30-21:00,06:30-21:00,06:30-21:00,07:00-21:00,Zatvoreno
https://www.studenac.hr/trgovine/1454/t1576-funtana,"Istarska 47, Funtana",24.03 - 30.03.2025.,Zatvoreno,Zatvoreno,Zatvoreno,Zatvoreno,Zatvoreno,Zatvoreno,Zatvoreno
https://www.studenac.hr/trgovine/505/t598-funtana,"Bijela Uvala 5, Funtana",24.03 - 30.03.2025.,Zatvoreno,Zatvoreno,Zatvoreno,Zatvoreno,Zatvoreno,Zatvoreno,Zatvoreno
https://www.studenac.hr/trgovine/506/t599-funtana,"Bijela Uvala 4, Funtana",24.03 - 30.03.2025.,Zatvoreno,Zatvoreno,Zatvoreno,Zatvoreno,Zatvoreno,Zatvoreno,Zatvoreno
https://www.studenac.hr/trgovine/507/t600-funtana,"Zelena Laguna 25, Funtana",24.03 - 30.03.2025.,Zatvoreno,Zatvoreno,Zatvoreno,Zatvoreno,Zatvoreno,Zatvoreno,Zatvoreno
https://www.studenac.hr/trgovine/795/t887-galizana,"Ulica Michele della Vedova 13, Galižana",24.03 - 30.03.2025.,07:00-21:00,07:00-21:00,07:00-21:00,07:00-21:00,07:00-21:00,07:00-21:00,Zatvoreno
https://www.studenac.hr/trgovine/1319/t1206-galovac,"Galovac 87, Galovac",24.03 - 30.03.2025.,06:30-20:00,06:30-20:00,06:30-20:00,06:30-20:00,06:30-20:00,07:00-19:00,08:00-14:00
https://www.studenac.hr/trgovine/596/t641-galovac,"Ulica IV 18A, Galovac",24.03 - 30.03.2025.,07:00-21:00,07:00-21:00,07:00-21:00,07:00-21:00,07:00-21:00,07:00-21:00,07:00-21:00
https://www.studenac.hr/trgovine/1174/t1221-garesnica,"Kolodvorska ulica 1, Garešnica",24.03 - 30.03.2025.,07:00-20:00,07:00-20:00,07:00-20:00,07:00-20:00,07:00-20:00,07:00-20:00,Zatvoreno
https://www.studenac.hr/trgovine/1175/t1224-garesnica,"Matije Gupca 2, Garešnica",24.03 - 30.03.2025.,06:30-21:00,06:30-21:00,06:30-21:00,06:30-21:00,06:30-21:00,06:30-21:00,08:00-18:00
https://www.studenac.hr/trgovine/1011/t1225-garesnica,"Matije Gupca 175, Garešnica",24.03 - 30.03.2025.,07:00-20:00,07:00-20:00,07:00-20:00,07:00-20:00,07:00-20:00,07:00-20:00,Zatvoreno
https://www.studenac.hr/trgovine/1010/t1223-garesnicki-brestovac,"Brestovačka ulica 78, Garešnički Brestovac",24.03 - 30.03.2025.,06:30-19:30,06:30-19:30,06:30-19:30,06:30-19:30,06:30-19:30,06:30-19:30,08:00-14:00
https://www.studenac.hr/trgovine/1439/t1570-glavotok,"Glavotok 4, Glavotok",24.03 - 30.03.2025.,Zatvoreno,Zatvoreno,Zatvoreno,Zatvoreno,Zatvoreno,Zatvoreno,Zatvoreno
https://www.studenac.hr/trgovine/928/t1091-glina,"Ul. Žrtava Domovinskog rata 70, Glina",24.03 - 30.03.2025.,07:00-21:00,07:00-21:00,07:00-21:00,07:00-21:00,07:00-21:00,07:00-21:00,Zatvoreno
https://www.studenac.hr/trgovine/929/t1092-glina,"Ulica kneza Branimira 9, Glina",24.03 - 30.03.2025.,07:00-21:00,07:00-21:00,07:00-21:00,07:00-21:00,07:00-21:00,07:00-21:00,08:00-20:00
https://www.studenac.hr/trgovine/930/t1093-glina,"Plitvička ulica 11, Glina",24.03 - 30.03.2025.,07:30-20:00,07:30-20:00,07:30-20:00,07:30-20:00,07:30-20:00,07:30-20:00,Zatvoreno
https://www.studenac.hr/trgovine/931/t1094-glina,"Ul. Stjepana i A. Radića 20, Glina",24.03 - 30.03.2025.,07:00-21:00,07:00-21:00,07:00-21:00,07:00-21:00,07:00-21:00,07:00-21:00,Zatvoreno
https://www.studenac.hr/trgovine/932/t1095-glina,"Trg dr. Franje Tuđmana 10, Glina",24.03 - 30.03.2025.,07:00-20:00,07:00-20:00,07:00-20:00,07:00-20:00,07:00-20:00,07:00-20:00,Zatvoreno
https://www.studenac.hr/trgovine/933/t1096-glina,"Jukinačka ulica 3, Glina",24.03 - 30.03.2025.,07:00-21:00,07:00-21:00,07:00-21:00,07:00-21:00,07:00-21:00,07:00-21:00,08:00-20:00
https://www.studenac.hr/trgovine/1058/t1288-gola,"Ulica Stjepana Radića 7, Gola",24.03 - 30.03.2025.,06:30-21:00,06:30-21:00,06:30-21:00,06:30-21:00,06:30-21:00,07:00-21:00,Zatvoreno
https://www.studenac.hr/trgovine/974/t1170-goricica,"Zagrebačka cesta 35, Goričica",24.03 - 30.03.2025.,06:30-20:30,06:30-20:30,06:30-20:30,06:30-20:30,06:30-20:30,06:30-20:30,Zatvoreno
https://www.studenac.hr/trgovine/1201/t1365-gornja-bistra,"Zagrebačka ulica 4, Gornja Bistra",24.03 - 30.03.2025.,06:00-21:00,06:00-21:00,06:00-21:00,06:00-21:00,06:00-21:00,07:00-21:00,07:00-21:00
https://www.studenac.hr/trgovine/879/t1017-gornja-gracenica,"Zagrebačka 111, Gornja Gračenica",24.03 - 30.03.2025.,07:00-21:00,07:00-21:00,07:00-21:00,07:00-21:00,07:00-21:00,07:00-21:00,Zatvoreno
https://www.studenac.hr/trgovine/1118/t1374-gornja-stubica,"Ulica Matije Gupca 1, Gornja Stubica",24.03 - 30.03.2025.,07:00-21:00,07:00-21:00,07:00-21:00,07:00-21:00,07:00-21:00,07:00-21:00,07:00-21:00
https://www.studenac.hr/trgovine/1213/t1379-gornja-stubica,"Ulica Grofova Oršić 2, Gornja Stubica",24.03 - 30.03.2025.,06:30-21:00,06:30-21:00,06:30-21:00,06:30-21:00,06:30-21:00,07:00-21:00,Zatvoreno
https://www.studenac.hr/trgovine/1313/t1040-gornja-vlahinicka,"Moslavačka 30, Gornja Vlahinička",24.03 - 30.03.2025.,07:00-14:00,07:00-14:00,07:00-14:00,07:00-14:00,07:00-14:00,07:00-12:00,Zatvoreno
https://www.studenac.hr/trgovine/1328/t1150-gornji-dragonozec,"Gornjodragonoška cesta 148, Gornji Dragonožec",24.03 - 30.03.2025.,07:00-21:00,07:00-21:00,07:00-21:00,07:00-21:00,07:00-21:00,07:00-21:00,08:00-21:00
https://www.studenac.hr/trgovine/802/t878-gornji-karin,"I. ulica 36, Gornji Karin",24.03 - 30.03.2025.,07:00-21:00,07:00-21:00,07:00-21:00,07:00-21:00,07:00-21:00,07:00-21:00,Zatvoreno
https://www.studenac.hr/trgovine/1207/t1371-gornji-laduc,"Zagrebačka ulica 44, Gornji Laduč",24.03 - 30.03.2025.,07:00-21:00,07:00-21:00,07:00-21:00,07:00-21:00,07:00-21:00,07:00-21:00,Zatvoreno
https://www.studenac.hr/trgovine/681/t736-gornji-muc,"Gornji Muć 12/1, Gornji Muć",24.03 - 30.03.2025.,06:30-20:00,06:30-20:00,06:30-20:00,06:30-20:00,06:30-20:00,06:30-20:00,06:30-20:00
https://www.studenac.hr/trgovine/1580/t1491-gospic,"Kaniža 39b, Gospić",24.03 - 30.03.2025.,07:00-21:00,07:00-21:00,07:00-21:00,07:00-21:00,07:00-21:00,07:00-21:00,Zatvoreno
https://www.studenac.hr/trgovine/1487/t1648-gospic,"Bana Ivana Karlovića 4, Gospić",24.03 - 30.03.2025.,07:00-22:00,07:00-22:00,07:00-22:00,07:00-22:00,07:00-22:00,07:00-22:00,07:00-21:00
https://www.studenac.hr/trgovine/977/t1175-graberje-ivanicko,"Zagrebačka ulica 1, Graberje Ivanićko",24.03 - 30.03.2025.,07:00-21:00,07:00-21:00,07:00-21:00,07:00-21:00,07:00-21:00,07:00-21:00,08:00-20:00
https://www.studenac.hr/trgovine/1317/t1111-grabostani,"Graboštani 38, Graboštani",24.03 - 30.03.2025.,07:30-14:30,07:30-14:30,07:30-14:30,07:30-14:30,07:30-14:30,07:30-12:30,Zatvoreno
https://www.studenac.hr/trgovine/716/t760-gracac,"Nikole Tesle 42, Gračac",24.03 - 30.03.2025.,06:30-21:00,06:30-21:00,06:30-21:00,06:30-21:00,06:30-21:00,06:30-21:00,07:00-21:00
https://www.studenac.hr/trgovine/530/t465-gracisce,"Jakačići 3B, Gračišće",24.03 - 30.03.2025.,07:00-20:00,07:00-20:00,07:00-20:00,07:00-20:00,07:00-20:00,07:00-20:00,Zatvoreno
https://www.studenac.hr/trgovine/510/t540-gracisce,"Gračišće 82A, Gračišće",24.03 - 30.03.2025.,07:00-20:00,07:00-20:00,07:00-20:00,07:00-20:00,07:00-20:00,07:00-20:00,Zatvoreno
https://www.studenac.hr/trgovine/325/t164-gradac,"Jadranska 39, Gradac",24.03 - 30.03.2025.,07:00-21:00,07:00-21:00,07:00-21:00,07:00-21:00,07:00-21:00,07:00-21:00,Zatvoreno
https://www.studenac.hr/trgovine/186/t065-gradac,"Obala 12, Gradac",24.03 - 30.03.2025.,07:00-21:00,07:00-21:00,07:00-21:00,07:00-21:00,07:00-21:00,07:00-21:00,Zatvoreno
https://www.studenac.hr/trgovine/1473/t1608-gradac,"Obala 31, Gradac",24.03 - 30.03.2025.,Zatvoreno,Zatvoreno,Zatvoreno,Zatvoreno,Zatvoreno,Zatvoreno,07:00-20:00
https://www.studenac.hr/trgovine/214/t198-gradac,"Trg Starčevića Ante 1, Gradac",24.03 - 30.03.2025.,07:00-21:00,07:00-21:00,07:00-21:00,07:00-21:00,07:00-21:00,07:00-21:00,Zatvoreno
https://www.studenac.hr/trgovine/1465/t1610-gradec,"Obala Bošac 7, Gradec",24.03 - 30.03.2025.,Zatvoreno,Zatvoreno,Zatvoreno,Zatvoreno,Zatvoreno,Zatvoreno,Zatvoreno
https://www.studenac.hr/trgovine/302/t193-grebastica,"Donji Banovci 57, Grebaštica",24.03 - 30.03.2025.,07:00-21:00,07:00-21:00,07:00-21:00,07:00-21:00,07:00-21:00,07:00-21:00,Zatvoreno
https://www.studenac.hr/trgovine/935/t1099-greani,"Gređani 4, Gređani",24.03 - 30.03.2025.,07:00-20:30,07:00-20:30,07:00-20:30,07:00-20:30,07:00-20:30,07:00-20:30,08:00-20:00
https://www.studenac.hr/trgovine/757/t783-grohote,"Put Kućom 1A, Grohote",24.03 - 30.03.2025.,07:00-21:00,07:00-21:00,07:00-21:00,07:00-21:00,07:00-21:00,07:00-21:00,Zatvoreno
https://www.studenac.hr/trgovine/1280/t1439-grubisno-polje,"Kolodvorska 9, Grubišno Polje",24.03 - 30.03.2025.,06:30-21:00,06:30-21:00,06:30-21:00,06:30-21:00,06:30-21:00,06:30-21:00,Zatvoreno
https://www.studenac.hr/trgovine/1366/t1455-grubisno-polje,"Ulica kralja Tomislava 75, Grubišno Polje",24.03 - 30.03.2025.,06:30-20:00,06:30-20:00,06:30-20:00,06:30-20:00,06:30-20:00,06:30-20:00,08:00-14:00
https://www.studenac.hr/trgovine/864/t843-gruda,"Gruda 92, Gruda",24.03 - 30.03.2025.,07:00-21:00,07:00-21:00,07:00-21:00,07:00-21:00,07:00-21:00,07:00-21:00,Zatvoreno
https://www.studenac.hr/trgovine/745/t789-gruda,"Gruda 21, Gruda",24.03 - 30.03.2025.,07:00-21:00,07:00-21:00,07:00-21:00,07:00-21:00,07:00-21:00,07:00-21:00,07:00-21:00
https://www.studenac.hr/trgovine/1362/t1425-gudovac,"Gudovac 31, Gudovac",24.03 - 30.03.2025.,06:30-20:00,06:30-20:00,06:30-20:00,06:30-20:00,06:30-20:00,06:30-20:00,08:00-15:00
https://www.studenac.hr/trgovine/1021/t1245-gudovac,"Gudovac 132A, Gudovac",24.03 - 30.03.2025.,07:00-21:00,07:00-21:00,07:00-21:00,07:00-21:00,07:00-21:00,07:00-21:00,Zatvoreno
https://www.studenac.hr/trgovine/738/t784-gustirna,"Gustirna III 19, Gustirna",24.03 - 30.03.2025.,07:00-20:00,07:00-20:00,07:00-20:00,07:00-20:00,07:00-20:00,07:00-20:00,Zatvoreno
https://www.studenac.hr/trgovine/1033/t1261-hampovica,"Šimuna Pandura 62, Hampovica",24.03 - 30.03.2025.,07:00-18:00,07:00-18:00,07:00-18:00,07:00-18:00,07:00-18:00,08:00-17:00,Zatvoreno
https://www.studenac.hr/trgovine/1295/t1432-hercegovac,"Moslavačka 153 A, Hercegovac",24.03 - 30.03.2025.,07:00-21:00,07:00-21:00,07:00-21:00,07:00-21:00,07:00-21:00,07:00-21:00,08:00-14:00
https://www.studenac.hr/trgovine/1051/t1281-hlebine,"Ulica bana Josipa Jelačića 95, Hlebine",24.03 - 30.03.2025.,07:00-21:00,07:00-21:00,07:00-21:00,07:00-21:00,07:00-21:00,07:00-21:00,08:00-15:00
https://www.studenac.hr/trgovine/921/t1083-hrastelnica,"Hrastelnica 1, Hrastelnica",24.03 - 30.03.2025.,07:00-21:00,07:00-21:00,07:00-21:00,07:00-21:00,07:00-21:00,07:00-21:00,Zatvoreno
https://www.studenac.hr/trgovine/1285/t1424-hrgovljani,"Miroslava Krleže 193, Hrgovljani",24.03 - 30.03.2025.,07:00-20:00,07:00-20:00,07:00-20:00,07:00-20:00,07:00-20:00,07:00-20:00,Zatvoreno
https://www.studenac.hr/trgovine/109/t313-hrvace,"Potravlje 173, Hrvace",24.03 - 30.03.2025.,07:00-21:00,07:00-21:00,07:00-21:00,07:00-21:00,07:00-21:00,07:00-21:00,Zatvoreno
https://www.studenac.hr/trgovine/369/t097-hrvace,"Hrvace 314A, Hrvace",24.03 - 30.03.2025.,06:00-21:00,06:00-21:00,06:00-21:00,06:00-21:00,06:00-21:00,06:00-21:00,07:00-20:00
https://www.studenac.hr/trgovine/117/t319-hrvace,"Rumin 2, Hrvace",24.03 - 30.03.2025.,07:00-21:00,07:00-21:00,07:00-21:00,07:00-21:00,07:00-21:00,07:00-21:00,Zatvoreno
https://www.studenac.hr/trgovine/942/t1109-hrvatska-dubica,"Trg dr. Franje Tuđmana 5, Hrvatska Dubica",24.03 - 30.03.2025.,06:30-21:00,06:30-21:00,06:30-21:00,06:30-21:00,06:30-21:00,06:30-21:00,08:00-20:00
https://www.studenac.hr/trgovine/1150/t1104-hrvatska-kostajnica,"Ulica Vladimira Nazora 5, Hrvatska Kostajnica",24.03 - 30.03.2025.,06:30-21:30,06:30-21:30,06:30-21:30,06:30-21:30,06:30-21:30,06:30-21:30,Zatvoreno
https://www.studenac.hr/trgovine/939/t1106-hrvatska-kostajnica,"Ulica Ratka Djetelića 51, Hrvatska Kostajnica",24.03 - 30.03.2025.,07:00-21:00,07:00-21:00,07:00-21:00,07:00-21:00,07:00-21:00,07:00-21:00,08:00-18:00
https://www.studenac.hr/trgovine/1204/t1368-hum-na-sutli,"Lupinjak 48, Hum Na Sutli",24.03 - 30.03.2025.,07:00-18:00,07:00-18:00,07:00-18:00,07:00-18:00,07:00-18:00,07:00-18:00,Zatvoreno
https://www.studenac.hr/trgovine/881/t1019-husain,"Ulica Petra Zrinskog 33, Husain",24.03 - 30.03.2025.,07:00-21:00,07:00-21:00,07:00-21:00,07:00-21:00,07:00-21:00,07:00-21:00,08:00-20:00
https://www.studenac.hr/trgovine/810/t905-hvar,"Domovinskog rata 43, Hvar",24.03 - 30.03.2025.,Zatvoreno,Zatvoreno,Zatvoreno,Zatvoreno,Zatvoreno,Zatvoreno,Zatvoreno
https://www.studenac.hr/trgovine/823/t912-hvar,"Hvar, Srida selo 16, Hvar",24.03 - 30.03.2025.,Zatvoreno,Zatvoreno,Zatvoreno,Zatvoreno,Zatvoreno,Zatvoreno,Zatvoreno
https://www.studenac.hr/trgovine/172/t051-hvar,"Mate Hraste 3, Hvar",24.03 - 30.03.2025.,07:00-21:00,07:00-21:00,07:00-21:00,07:00-21:00,07:00-21:00,07:00-21:00,Zatvoreno
https://www.studenac.hr/trgovine/173/t052-hvar,"Ulica Pavla Rossa 1, Hvar",24.03 - 30.03.2025.,07:00-21:00,07:00-21:00,07:00-21:00,07:00-14:00,07:00-21:00,07:00-21:00,Zatvoreno
https://www.studenac.hr/trgovine/178/t057-hvar,"Trg svetog Stjepana 19, Hvar",24.03 - 30.03.2025.,07:00-21:00,07:00-21:00,07:00-21:00,07:00-21:00,07:00-21:00,07:00-21:00,Zatvoreno
https://www.studenac.hr/trgovine/179/t058-hvar,"Ulica Demetrija Hvarskog 5, Hvar",24.03 - 30.03.2025.,07:00-21:30,07:00-21:30,07:00-21:30,07:00-21:30,07:00-21:30,07:00-21:30,Zatvoreno
https://www.studenac.hr/trgovine/1463/t1599-hvar,"Vrboska 347, Hvar",24.03 - 30.03.2025.,Zatvoreno,Zatvoreno,Zatvoreno,Zatvoreno,Zatvoreno,Zatvoreno,Zatvoreno
https://www.studenac.hr/trgovine/1472/t1626-hvar,"Put Stjepana Radića 6 (Sv. Nedjelja), Hvar",24.03 - 30.03.2025.,Zatvoreno,Zatvoreno,Zatvoreno,Zatvoreno,Zatvoreno,Zatvoreno,Zatvoreno
https://www.studenac.hr/trgovine/875/t1011-ilova,"Ulica Braće Perković 64, Ilova",24.03 - 30.03.2025.,07:00-20:00,07:00-20:00,07:00-20:00,07:00-20:00,07:00-20:00,07:00-20:00,Zatvoreno
https://www.studenac.hr/trgovine/1060/t1290-imbriovec,"Imbriovec 61, Imbriovec",24.03 - 30.03.2025.,07:00-21:00,07:00-21:00,07:00-21:00,07:00-21:00,07:00-21:00,07:00-21:00,Zatvoreno
https://www.studenac.hr/trgovine/559/t601-imotski,"Blajburška ulica 86, Imotski",24.03 - 30.03.2025.,07:00-21:00,07:00-21:00,07:00-21:00,07:00-21:00,07:00-21:00,07:00-21:00,Zatvoreno
https://www.studenac.hr/trgovine/50/t392-imotski,"393, Donji Vinjani, Imotski",24.03 - 30.03.2025.,07:00-21:00,07:00-21:00,07:00-21:00,07:00-21:00,07:00-21:00,07:00-21:00,07:00-21:00
https://www.studenac.hr/trgovine/357/t120-imotski,"Trg Dr. Franje Tuđmana 2, Imotski",24.03 - 30.03.2025.,07:00-21:00,07:00-21:00,07:00-21:00,07:00-21:00,07:00-21:00,07:00-21:00,Zatvoreno
https://www.studenac.hr/trgovine/174/t053-imotski,"Put Gaja 17, Imotski",24.03 - 30.03.2025.,07:00-21:00,07:00-21:00,07:00-21:00,07:00-21:00,07:00-21:00,07:00-21:00,Zatvoreno
https://www.studenac.hr/trgovine/209/t096-imotski,"Ulica Bruna Bušića 29, Imotski",24.03 - 30.03.2025.,07:00-21:00,07:00-21:00,07:00-21:00,07:00-21:00,07:00-21:00,07:00-21:00,07:00-21:00
https://www.studenac.hr/trgovine/1254/t976-imotski,"Šetalište Stjepana Radića 22, Imotski",24.03 - 30.03.2025.,07:00-21:00,07:00-21:00,07:00-21:00,07:00-21:00,07:00-21:00,07:00-21:00,07:00-21:00
https://www.studenac.hr/trgovine/818/t913-islam-grcki,"Islam Grčki 129, Islam Grčki",24.03 - 30.03.2025.,07:00-21:00,07:00-21:00,07:00-21:00,07:00-21:00,07:00-21:00,07:00-21:00,Zatvoreno
https://www.studenac.hr/trgovine/680/t700-ist,"Ist 120, Ist",24.03 - 30.03.2025.,08:00-12:00,08:00-12:00,08:00-12:00,08:00-12:00,08:00-12:00,08:00-12:00,Zatvoreno
https://www.studenac.hr/trgovine/1267/t1344-ivan-dolac,"Ivan Dolac 88, Ivan Dolac",24.03 - 30.03.2025.,Zatvoreno,Zatvoreno,Zatvoreno,Zatvoreno,Zatvoreno,Zatvoreno,Zatvoreno
https://www.studenac.hr/trgovine/1574/t1718-ivanec,"Trg hrvatskih Ivanovaca 7, Ivanec",24.03 - 30.03.2025.,07:00-20:00,07:00-20:00,07:00-20:00,07:00-20:00,07:00-20:00,07:00-20:00,08:00-14:00
https://www.studenac.hr/trgovine/1606/t1735-ivanec,"Salinovec 14b, Ivanec",24.03 - 30.03.2025.,07:00-20:00,07:00-20:00,07:00-20:00,07:00-20:00,07:00-20:00,07:00-20:00,Zatvoreno
https://www.studenac.hr/trgovine/1587/t1732-ivanic-grad,"Ulica 65. Bataljuna ZNG 58 , Ivanić Grad",24.03 - 30.03.2025.,07:00-21:00,07:00-21:00,07:00-21:00,07:00-21:00,07:00-21:00,07:00-21:00,Zatvoreno
https://www.studenac.hr/trgovine/979/t1179-ivanic-grad,"Vulinčeva ulica 38, Ivanić-Grad",24.03 - 30.03.2025.,07:00-21:00,07:00-21:00,07:00-21:00,07:00-21:00,07:00-21:00,07:00-21:00,08:00-20:00
https://www.studenac.hr/trgovine/1251/t1443-ivanska,"Trg kralja Tomislava 5, Ivanska",24.03 - 30.03.2025.,06:30-20:30,06:30-20:30,06:30-20:30,06:30-20:30,06:30-20:30,06:30-20:30,Zatvoreno
https://www.studenac.hr/trgovine/1291/t1347-jablanovec,"Stubička ulica 309, Jablanovec",24.03 - 30.03.2025.,07:00-21:00,07:00-21:00,07:00-21:00,07:00-21:00,07:00-21:00,07:00-21:00,Zatvoreno
https://www.studenac.hr/trgovine/1025/t1249-jagnjedovec,"Jagnjedovec 61, Jagnjedovec",24.03 - 30.03.2025.,07:00-20:00,07:00-20:00,07:00-20:00,07:00-20:00,07:00-20:00,07:00-20:00,08:00-15:00
https://www.studenac.hr/trgovine/1202/t1366-jakovlje,"Stara cesta 1, Jakovlje",24.03 - 30.03.2025.,06:30-21:00,06:30-21:00,06:30-21:00,06:30-21:00,06:30-21:00,07:00-21:00,Zatvoreno
https://www.studenac.hr/trgovine/1255/t989-jaksic,,,,,,,,,
https://www.studenac.hr/trgovine/968/t1155-jalsevec-nartski,"Zagrebačka ulica 10, Jalševec Nartski",24.03 - 30.03.2025.,07:00-21:00,07:00-21:00,07:00-21:00,07:00-21:00,07:00-21:00,07:00-21:00,Zatvoreno
https://www.studenac.hr/trgovine/893/t1036-jamarica,"Ulica Đuke Čaića 70, Jamarica",24.03 - 30.03.2025.,07:00-20:00,07:00-20:00,07:00-20:00,07:00-20:00,07:00-20:00,07:00-20:00,08:00-20:00
https://www.studenac.hr/trgovine/140/t288-janjina,"68, Janjina, Janjina",24.03 - 30.03.2025.,07:00-21:00,07:00-21:00,07:00-21:00,07:00-21:00,07:00-21:00,07:00-21:00,Zatvoreno
https://www.studenac.hr/trgovine/402/t413-janjina,"Kraj Bililo 5, Janjina",24.03 - 30.03.2025.,Zatvoreno,Zatvoreno,Zatvoreno,Zatvoreno,Zatvoreno,Zatvoreno,Zatvoreno
https://www.studenac.hr/trgovine/904/t1055-jasenovac,"Trg Kralja Petra Svačića 16, Jasenovac",24.03 - 30.03.2025.,Zatvoreno,Zatvoreno,Zatvoreno,Zatvoreno,Zatvoreno,Zatvoreno,Zatvoreno
https://www.studenac.hr/trgovine/298/t147-jelsa,"Jelsa 408, Jelsa",24.03 - 30.03.2025.,07:00-21:00,07:00-21:00,07:00-21:00,07:00-21:00,07:00-21:00,07:00-21:00,Zatvoreno
https://www.studenac.hr/trgovine/314/t178-jelsa,"404 Vrboska, Jelsa",24.03 - 30.03.2025.,07:00-21:30,07:00-21:30,07:00-21:30,07:00-21:30,07:00-21:30,07:00-21:30,Zatvoreno
https://www.studenac.hr/trgovine/333/t154-jelsa,"Jelsa 184, Jelsa",24.03 - 30.03.2025.,Zatvoreno,Zatvoreno,Zatvoreno,Zatvoreno,Zatvoreno,Zatvoreno,Zatvoreno
https://www.studenac.hr/trgovine/1494/t1611-jelsa,"Jelsa 354, JELSA",24.03 - 30.03.2025.,07:00-21:00,07:00-21:00,07:00-21:00,07:00-21:00,07:00-21:00,07:00-21:00,Zatvoreno
https://www.studenac.hr/trgovine/246/t222-jesenice,"Poljička Cesta 4, Jesenice, Jesenice",24.03 - 30.03.2025.,07:00-14:00,07:00-14:00,07:00-14:00,07:00-14:00,07:00-14:00,07:00-12:00,Zatvoreno
https://www.studenac.hr/trgovine/604/t669-kali,"Ulica Svetog Lovre 42, Kali",24.03 - 30.03.2025.,07:00-21:00,07:00-21:00,07:00-21:00,07:00-21:00,07:00-21:00,07:00-21:00,Zatvoreno
https://www.studenac.hr/trgovine/630/t665-kali,"Otočka Cesta 23, Kali",24.03 - 30.03.2025.,06:30-21:00,06:30-21:00,06:30-21:00,06:30-21:00,06:30-21:00,06:30-21:00,Zatvoreno
https://www.studenac.hr/trgovine/1043/t1271-kalinovac,"Kolodvorska ulica 76, Kalinovac",24.03 - 30.03.2025.,06:30-20:30,06:30-20:30,06:30-20:30,06:30-20:30,06:30-20:30,07:00-20:30,07:00-18:00
https://www.studenac.hr/trgovine/1044/t1272-kalinovac,"Dravska 4, Kalinovac",24.03 - 30.03.2025.,06:30-21:00,06:30-21:00,06:30-21:00,06:30-21:00,06:30-21:00,07:00-21:00,Zatvoreno
https://www.studenac.hr/trgovine/1347/t1346-kamanje,"Kamanje 1B, Kamanje",24.03 - 30.03.2025.,07:00-20:00,07:00-20:00,07:00-20:00,07:00-20:00,07:00-20:00,07:00-20:00,Zatvoreno
https://www.studenac.hr/trgovine/545/t456-kamenmost,"Hrvatskih Velikana 4, Kamenmost",24.03 - 30.03.2025.,07:00-21:00,07:00-21:00,07:00-21:00,07:00-21:00,07:00-21:00,07:00-21:00,07:00-21:00
https://www.studenac.hr/trgovine/1437/t1508-povljana,"Put Rastavca 10, Kamp Avalona, Povljana",24.03 - 30.03.2025.,Zatvoreno,Zatvoreno,Zatvoreno,Zatvoreno,Zatvoreno,Zatvoreno,Zatvoreno
https://www.studenac.hr/trgovine/1435/t1502-kanegra,"Kanegra 4, Kanegra",24.03 - 30.03.2025.,Zatvoreno,Zatvoreno,Zatvoreno,Zatvoreno,Zatvoreno,Zatvoreno,Zatvoreno
https://www.studenac.hr/trgovine/1563/t1588-kanfanar,"Trg Marka Zeljka 8, Kanfanar",24.03 - 30.03.2025.,06:30-21:00,06:30-21:00,06:30-21:00,06:30-21:00,06:30-21:00,06:30-21:00,07:00-21:00
https://www.studenac.hr/trgovine/1110/t994-kanfanar,"Burići 3A, Kanfanar",24.03 - 30.03.2025.,07:00-20:30,07:00-20:30,07:00-20:30,07:00-20:30,07:00-20:30,07:00-20:30,Zatvoreno
https://www.studenac.hr/trgovine/758/t806-kanfanar,"Ulica Mate Balote 1, Kanfanar",24.03 - 30.03.2025.,07:00-20:30,07:00-20:30,07:00-20:30,07:00-20:30,07:00-20:30,07:00-20:30,Zatvoreno
https://www.studenac.hr/trgovine/1020/t1244-kapela,"Bilogorska ulica 91, Kapela",24.03 - 30.03.2025.,06:00-21:00,06:00-21:00,06:00-21:00,06:00-21:00,06:00-21:00,06:00-21:00,08:00-18:00
https://www.studenac.hr/trgovine/1277/t1420-kapela,"Bilogorska ulica 70, Kapela",24.03 - 30.03.2025.,06:30-21:00,06:30-21:00,06:30-21:00,06:30-21:00,06:30-21:00,06:30-21:00,Zatvoreno
https://www.studenac.hr/trgovine/1436/t1503-karigador,"Ladin Gaj 131, Karigador",24.03 - 30.03.2025.,Zatvoreno,Zatvoreno,Zatvoreno,Zatvoreno,Zatvoreno,Zatvoreno,Zatvoreno
https://www.studenac.hr/trgovine/729/t713-karin,"I. ulica 75, Karin",24.03 - 30.03.2025.,Zatvoreno,Zatvoreno,Zatvoreno,Zatvoreno,Zatvoreno,Zatvoreno,Zatvoreno
https://www.studenac.hr/trgovine/612/t668-karlobag,"Obala V. Nazora 2, Karlobag",24.03 - 30.03.2025.,07:00-21:00,07:00-21:00,Zatvoreno,Zatvoreno,07:00-21:00,07:00-21:00,Zatvoreno
https://www.studenac.hr/trgovine/723/t742-karlobag,"Uskočka 2, Karlobag",24.03 - 30.03.2025.,07:00-22:00,07:00-22:00,07:00-22:00,07:00-22:00,07:00-22:00,07:00-22:00,07:00-21:00
https://www.studenac.hr/trgovine/423/t486-karojba,"Karojba 10 A, Karojba",24.03 - 30.03.2025.,06:30-21:00,06:30-21:00,06:30-21:00,06:30-21:00,06:30-21:00,07:00-21:00,Zatvoreno
https://www.studenac.hr/trgovine/1345/t1335-kasina,"Ulica Ivana Mažuranića 53, Kašina",24.03 - 30.03.2025.,07:00-21:00,07:00-21:00,07:00-21:00,07:00-21:00,07:00-21:00,07:00-21:00,08:00-21:00
https://www.studenac.hr/trgovine/1428/t1575-kastel-luksic,"Hrv. Branitelja 7, Kaštel Lukšić",24.03 - 30.03.2025.,07:00-21:00,07:00-21:00,07:00-21:00,07:00-21:00,07:00-21:00,07:00-21:00,Zatvoreno
https://www.studenac.hr/trgovine/1273/t954-kastel-luksic,"Cesta Dr. Franje Tuđmana 750A, Kaštel Lukšić",24.03 - 30.03.2025.,07:00-21:00,07:00-21:00,07:00-21:00,07:00-21:00,07:00-21:00,07:00-21:00,Zatvoreno
https://www.studenac.hr/trgovine/224/t048-kastel-stari,"Ulica Bana Jelačića 61, Kaštel Stari",24.03 - 30.03.2025.,07:00-21:00,07:00-21:00,07:00-21:00,07:00-21:00,07:00-21:00,07:00-21:00,07:00-20:00
https://www.studenac.hr/trgovine/1515/t1710-kastel-stari,"Cesta dr. Franje Tuđmana 854, Kaštel Stari",24.03 - 30.03.2025.,07:00-21:00,07:00-21:00,07:00-21:00,07:00-21:00,07:00-21:00,07:00-21:00,Zatvoreno
https://www.studenac.hr/trgovine/11/t424-kastel-stafilic,"Cesta Dr. Franje Tuđmana 897, Kaštel Štafilić",24.03 - 30.03.2025.,07:00-21:00,07:00-21:00,07:00-21:00,07:00-21:00,07:00-21:00,07:00-21:00,Zatvoreno
https://www.studenac.hr/trgovine/1315/t1039-katolicko-selisce,"Ul. Moslavačkih vinograda 64, Katoličko Selišće",24.03 - 30.03.2025.,07:00-14:00,07:00-14:00,07:00-14:00,07:00-14:00,07:00-14:00,07:00-12:00,Zatvoreno
https://www.studenac.hr/trgovine/219/t106-kijevo,"Centar 25, Kijevo",24.03 - 30.03.2025.,07:00-21:00,07:00-21:00,07:00-21:00,07:00-21:00,07:00-21:00,07:00-21:00,Zatvoreno
https://www.studenac.hr/trgovine/645/t634-kistanje,"Dr. Franje Tuđmana 92, Kistanje",24.03 - 30.03.2025.,07:00-21:00,07:00-21:00,07:00-21:00,07:00-21:00,07:00-21:00,07:00-21:00,07:00-21:00
https://www.studenac.hr/trgovine/817/t911-klek,"Od kule 16, Klek",24.03 - 30.03.2025.,Zatvoreno,Zatvoreno,Zatvoreno,Zatvoreno,Zatvoreno,Zatvoreno,Zatvoreno
https://www.studenac.hr/trgovine/819/t897-klinca-sela,"Zagrebačka ulica 3, Klinča Sela",24.03 - 30.03.2025.,07:00-21:00,07:00-21:00,07:00-21:00,07:00-21:00,07:00-21:00,07:00-21:00,08:00-21:00
https://www.studenac.hr/trgovine/315/t176-klis,"Trg Mejdan 3, Klis",24.03 - 30.03.2025.,06:30-20:00,06:30-20:00,06:30-20:00,06:30-20:00,06:30-20:00,06:30-20:00,Zatvoreno
https://www.studenac.hr/trgovine/1136/t959-klis,"Ivana Pavla II 101, Klis",24.03 - 30.03.2025.,06:00-20:30,06:00-20:30,06:00-20:30,06:00-20:30,06:00-20:30,06:00-20:30,Zatvoreno
https://www.studenac.hr/trgovine/1139/t963-klis,"Ulica kneza Trpimira 233, Klis",24.03 - 30.03.2025.,06:30-20:00,06:30-20:00,06:30-20:00,06:30-20:00,06:30-20:00,06:30-20:00,Zatvoreno
https://www.studenac.hr/trgovine/1141/t967-klis,"Sv. Jure 48, Klis",24.03 - 30.03.2025.,07:00-21:00,07:00-21:00,07:00-21:00,07:00-21:00,07:00-21:00,07:00-21:00,Zatvoreno
https://www.studenac.hr/trgovine/126/t309-klis,"Prugovo 100, Klis",24.03 - 30.03.2025.,06:30-21:00,06:30-21:00,06:30-21:00,06:30-21:00,06:30-21:00,06:30-21:00,Zatvoreno
https://www.studenac.hr/trgovine/1240/t962-klis,"Belimovača 45, Klis",24.03 - 30.03.2025.,06:30-20:00,06:30-20:00,06:30-20:00,06:30-20:00,06:30-20:00,06:30-20:00,06:30-20:00
https://www.studenac.hr/trgovine/1172/t1207-klokocevac,"Klokočevac 1A, Klokočevac",24.03 - 30.03.2025.,07:00-19:30,07:00-19:30,07:00-19:30,07:00-19:30,07:00-19:30,07:00-15:00,Zatvoreno
https://www.studenac.hr/trgovine/1057/t1287-klostar-podravski,"Trg Svete obitelji 1, Kloštar Podravski",24.03 - 30.03.2025.,06:30-21:00,06:30-21:00,06:30-21:00,06:30-21:00,06:30-21:00,07:00-21:00,07:00-18:00
https://www.studenac.hr/trgovine/1246/t1256-klostar-vojakovacki,"Gornjani 5, Kloštar Vojakovački",24.03 - 30.03.2025.,07:00-15:00,07:00-15:00,07:00-15:00,07:00-15:00,07:00-15:00,07:00-15:00,08:00-15:00
https://www.studenac.hr/trgovine/63/t370-knin,"Tijardovićeva ulica 1, Knin",24.03 - 30.03.2025.,07:00-21:00,07:00-21:00,07:00-21:00,07:00-21:00,07:00-21:00,07:00-21:00,Zatvoreno
https://www.studenac.hr/trgovine/136/t298-knin,"Tvrtkova ulica 2, Knin",24.03 - 30.03.2025.,07:00-21:00,07:00-21:00,07:00-21:00,07:00-21:00,07:00-21:00,07:00-21:00,Zatvoreno
https://www.studenac.hr/trgovine/137/t297-knin,"Zvonimirova 19, Knin",24.03 - 30.03.2025.,07:00-21:00,07:00-21:00,07:00-21:00,07:00-21:00,07:00-21:00,07:00-21:00,07:00-20:30
https://www.studenac.hr/trgovine/24/t411-komiza,"Riva Svetega Mikule 31, Komiža",24.03 - 30.03.2025.,07:00-21:00,07:00-21:00,07:00-21:00,07:00-21:00,07:00-21:00,07:00-21:00,Zatvoreno
https://www.studenac.hr/trgovine/755/t779-komiza,"Put Batude 1A, Komiža",24.03 - 30.03.2025.,07:00-21:00,07:00-21:00,07:00-21:00,07:00-21:00,07:00-21:00,07:00-21:00,Zatvoreno
https://www.studenac.hr/trgovine/865/t844-komolac,"Komolac 9, Komolac",24.03 - 30.03.2025.,07:00-21:00,07:00-21:00,07:00-21:00,07:00-21:00,07:00-21:00,07:00-21:00,Zatvoreno
https://www.studenac.hr/trgovine/1534/t1713-konjscina,"Zagorska ulica 13a, Konjščina",24.03 - 30.03.2025.,07:00-20:00,07:00-20:00,07:00-20:00,07:00-20:00,07:00-20:00,07:00-20:00,Zatvoreno
https://www.studenac.hr/trgovine/1029/t1253-koprivnica,"Ulica Vinica 63, Koprivnica",24.03 - 30.03.2025.,07:00-20:00,07:00-20:00,07:00-20:00,07:00-20:00,07:00-20:00,07:00-20:00,08:00-15:00
https://www.studenac.hr/trgovine/1030/t1255-koprivnica,"Trg kralja Zvonimira 3, Koprivnica",24.03 - 30.03.2025.,06:30-21:00,06:30-21:00,06:30-21:00,06:30-21:00,06:30-21:00,06:30-21:00,Zatvoreno
https://www.studenac.hr/trgovine/1088/t1254-koprivnica,"Ulica Ivana Meštrovića 31, Koprivnica",24.03 - 30.03.2025.,06:30-21:00,06:30-21:00,06:30-21:00,06:30-21:00,06:30-21:00,06:30-21:00,Zatvoreno
https://www.studenac.hr/trgovine/1405/t986-koprivnica,"Florijanski trg 3, Koprivnica",24.03 - 30.03.2025.,07:00-18:00,07:00-18:00,07:00-18:00,07:00-18:00,07:00-18:00,07:00-18:00,Zatvoreno
https://www.studenac.hr/trgovine/1413/t1557-koprivnica,"Ulica Ivana Meštrovića 1, Koprivnica",24.03 - 30.03.2025.,07:00-17:00,07:00-17:00,07:00-17:00,07:00-17:00,07:00-17:00,07:00-17:00,08:00-15:00
https://www.studenac.hr/trgovine/1417/t1549-koprivnica,"Novi Brežanec 6, Koprivnica",24.03 - 30.03.2025.,07:00-20:00,07:00-20:00,07:00-20:00,07:00-20:00,07:00-20:00,07:00-20:00,Zatvoreno
https://www.studenac.hr/trgovine/1434/t1555-koprivnica,"Duga Ulica 33, Koprivnica",24.03 - 30.03.2025.,07:00-18:00,07:00-18:00,07:00-18:00,07:00-18:00,07:00-18:00,07:00-18:00,08:00-15:00
https://www.studenac.hr/trgovine/1491/t1646-koprivnica,"Trg bana Jelačića 14, Koprivnica",24.03 - 30.03.2025.,07:00-20:00,07:00-20:00,07:00-20:00,07:00-20:00,07:00-20:00,07:00-20:00,Zatvoreno
https://www.studenac.hr/trgovine/1059/t1289-koprivnicki-bregi,"Kralja Tomislava 44, Koprivnički Bregi",24.03 - 30.03.2025.,06:30-21:00,06:30-21:00,06:30-21:00,06:30-21:00,06:30-21:00,07:00-21:00,Zatvoreno
https://www.studenac.hr/trgovine/297/t102-korcula,"Čara 199C, Korčula",24.03 - 30.03.2025.,07:00-21:00,07:00-21:00,07:00-21:00,07:00-21:00,07:00-21:00,07:00-21:00,Zatvoreno
https://www.studenac.hr/trgovine/829/t907-korcula,"Frane Kršinića1, Korčula",24.03 - 30.03.2025.,07:00-21:00,07:00-21:00,07:00-21:00,07:00-21:00,07:00-14:00,07:00-21:00,07:00-20:00
https://www.studenac.hr/trgovine/68/t124-korcula,"Ul. Hrvatske brat. zajednice 3, Korčula",24.03 - 30.03.2025.,07:00-21:00,07:00-21:00,07:00-21:00,07:00-21:00,07:00-21:00,07:00-21:00,Zatvoreno
https://www.studenac.hr/trgovine/335/t152-korcula,"164, Žrnovo, Korčula",24.03 - 30.03.2025.,07:00-21:00,07:00-21:00,07:00-21:00,07:00-21:00,07:00-21:00,07:00-21:00,Zatvoreno
https://www.studenac.hr/trgovine/343/t047-korcula,"Put Svetog Antuna 2, Korčula",24.03 - 30.03.2025.,07:00-21:00,07:00-21:00,07:00-21:00,07:00-21:00,07:00-21:00,07:00-21:00,Zatvoreno
https://www.studenac.hr/trgovine/346/t137-korcula,"Pupnat 16, Korčula",24.03 - 30.03.2025.,07:00-21:00,07:00-21:00,07:00-21:00,07:00-21:00,07:00-21:00,07:00-21:00,Zatvoreno
https://www.studenac.hr/trgovine/347/t136-korcula,"Žrnovska Banja 738A, Korčula",24.03 - 30.03.2025.,07:00-21:00,07:00-21:00,07:00-21:00,07:00-21:00,07:00-21:00,07:00-21:00,07:00-20:00
https://www.studenac.hr/trgovine/348/t135-korcula,"Žrnovo 327A, Korčula",24.03 - 30.03.2025.,07:00-21:00,07:00-21:00,07:00-21:00,07:00-21:00,07:00-21:00,07:00-21:00,Zatvoreno
https://www.studenac.hr/trgovine/1492/t1655-korcula,"Trg Kralja Tomislava 2, KORČULA",24.03 - 30.03.2025.,Zatvoreno,Zatvoreno,Zatvoreno,Zatvoreno,Zatvoreno,Zatvoreno,Zatvoreno
https://www.studenac.hr/trgovine/235/t202-korcula,"Čara 317, Korčula",24.03 - 30.03.2025.,07:00-21:00,07:00-21:00,07:00-21:00,07:00-21:00,07:00-21:00,07:00-21:00,Zatvoreno
https://www.studenac.hr/trgovine/1619/t1749-kotoriba,"Ulica Kralja Tomislava 139, Kotoriba",24.03 - 30.03.2025.,07:00-20:00,07:00-20:00,07:00-20:00,07:00-20:00,07:00-20:00,07:00-20:00,07:00-14:00
https://www.studenac.hr/trgovine/1318/t1054-kozarice,"Kozarice 99, Kozarice",24.03 - 30.03.2025.,07:00-20:00,07:00-20:00,07:00-20:00,07:00-20:00,07:00-20:00,07:00-20:00,Zatvoreno
https://www.studenac.hr/trgovine/648/t683-kozino,,,,,,,,,
https://www.studenac.hr/trgovine/1013/t1228-kraljevac,"Kraljevac 54, Kraljevac",24.03 - 30.03.2025.,07:00-20:00,07:00-20:00,07:00-20:00,07:00-20:00,07:00-20:00,07:00-20:00,07:00-14:00
https://www.studenac.hr/trgovine/1272/t1409-kraljevica,"Oštro ulica 16, Kraljevica",24.03 - 30.03.2025.,Zatvoreno,Zatvoreno,Zatvoreno,Zatvoreno,Zatvoreno,Zatvoreno,Zatvoreno
https://www.studenac.hr/trgovine/1585/t1652-krapina,"Zagrebačka cesta 26, Krapina",24.03 - 30.03.2025.,07:00-20:00,07:00-20:00,07:00-20:00,07:00-20:00,07:00-20:00,07:00-20:00,Zatvoreno
https://www.studenac.hr/trgovine/1134/t1395-krapina,"Trški Vrh 88, Krapina",24.03 - 30.03.2025.,07:00-19:00,07:00-19:00,07:00-19:00,07:00-19:00,07:00-19:00,07:00-17:00,07:00-13:00
https://www.studenac.hr/trgovine/1193/t1357-krapina,"Ulica Ante Starčevića 3, Krapina",24.03 - 30.03.2025.,07:00-20:00,07:00-20:00,07:00-20:00,07:00-20:00,07:00-20:00,07:00-20:00,Zatvoreno
https://www.studenac.hr/trgovine/1198/t1362-krapina,"Podgora 133, Krapina",24.03 - 30.03.2025.,07:00-21:00,07:00-21:00,07:00-21:00,07:00-21:00,07:00-21:00,07:00-21:00,Zatvoreno
https://www.studenac.hr/trgovine/1214/t1380-krapina,"Polje Krapinsko 170A, Krapina",24.03 - 30.03.2025.,07:00-19:00,07:00-19:00,07:00-19:00,07:00-19:00,07:00-19:00,07:00-17:00,07:00-13:00
https://www.studenac.hr/trgovine/1216/t1382-krapina,"Velika Ves 57A, Krapina",24.03 - 30.03.2025.,07:00-19:00,07:00-19:00,07:00-19:00,07:00-19:00,07:00-19:00,07:00-17:00,Zatvoreno
https://www.studenac.hr/trgovine/1223/t1392-krapina,"Tkalci 55, Krapina",24.03 - 30.03.2025.,07:00-21:00,07:00-21:00,07:00-21:00,07:00-21:00,07:00-21:00,07:00-21:00,Zatvoreno
https://www.studenac.hr/trgovine/1224/t1393-krapina,"Gornja Pačetina 3, Krapina",24.03 - 30.03.2025.,06:30-20:00,06:30-20:00,06:30-20:00,06:30-20:00,06:30-20:00,06:30-20:00,08:00-14:00
https://www.studenac.hr/trgovine/1189/t1353-krapinske-toplice,"Ulica Antuna Mihanovića 3H, Krapinske Toplice",24.03 - 30.03.2025.,06:30-21:00,06:30-21:00,06:30-21:00,06:30-21:00,06:30-21:00,07:00-21:00,Zatvoreno
https://www.studenac.hr/trgovine/1205/t1369-krapinske-toplice,"M.Gupca 1, Krapinske Toplice",24.03 - 30.03.2025.,07:00-20:00,07:00-20:00,07:00-20:00,07:00-20:00,07:00-20:00,07:00-20:00,08:00-13:00
https://www.studenac.hr/trgovine/1079/t1178-kriz,"Zagrebačka ulica 3, Križ",24.03 - 30.03.2025.,07:00-21:00,07:00-21:00,07:00-21:00,07:00-21:00,07:00-21:00,07:00-21:00,Zatvoreno
https://www.studenac.hr/trgovine/665/t679-kukljica,"Ulica IV 26, Kukljica",24.03 - 30.03.2025.,07:00-21:00,07:00-21:00,07:00-21:00,07:00-21:00,07:00-21:00,07:00-21:00,Zatvoreno
https://www.studenac.hr/trgovine/708/t752-kukljica,"Ulica II 41, Kukljica",24.03 - 30.03.2025.,07:00-20:00,07:00-20:00,07:00-20:00,07:00-20:00,07:00-20:00,07:00-20:00,Zatvoreno
https://www.studenac.hr/trgovine/307/t186-kula-norinska,"Trg Maria Nikolića- Kiša 2, Kula Norinska",24.03 - 30.03.2025.,06:30-20:00,06:30-20:00,06:30-20:00,06:30-20:00,06:30-20:00,06:30-20:00,07:00-20:00
https://www.studenac.hr/trgovine/1460/t1607-kula-norinska,"Krvavac II; Splitska cesta 23, Kula Norinska",24.03 - 30.03.2025.,06:00-21:00,06:00-21:00,06:00-21:00,06:00-21:00,06:00-21:00,06:00-21:00,07:00-20:00
https://www.studenac.hr/trgovine/190/t069-kula-norinska,"Trg hrvatskih žrtava 18, Kula Norinska",24.03 - 30.03.2025.,06:30-20:00,06:30-20:00,06:30-20:00,06:30-20:00,06:30-20:00,06:30-20:00,Zatvoreno
https://www.studenac.hr/trgovine/191/t070-kula-norinska,"Momići 19, Kula Norinska",24.03 - 30.03.2025.,06:30-20:00,06:30-20:00,06:30-20:00,06:30-20:00,06:30-20:00,06:30-20:00,Zatvoreno
https://www.studenac.hr/trgovine/7/t429-kuna,"Kuna 21, Kuna",24.03 - 30.03.2025.,07:00-21:00,07:00-21:00,07:00-21:00,07:00-21:00,07:00-21:00,07:00-21:00,Zatvoreno
https://www.studenac.hr/trgovine/1397/t1539-kupinec,"Kupinec 73B, Kupinec",24.03 - 30.03.2025.,07:00-21:00,07:00-21:00,07:00-21:00,07:00-21:00,07:00-21:00,07:00-21:00,08:00-16:00
https://www.studenac.hr/trgovine/1113/t1373-kupljenovo,"Ulica Matije Gupca 50, Kupljenovo",24.03 - 30.03.2025.,06:00-21:00,06:00-21:00,06:00-21:00,06:00-21:00,06:00-21:00,07:00-21:00,Zatvoreno
https://www.studenac.hr/trgovine/1061/t1032-kutina,"Školska ulica 2, Kutina",24.03 - 30.03.2025.,07:00-20:00,07:00-20:00,07:00-20:00,07:00-20:00,07:00-20:00,07:00-20:00,08:00-14:00
https://www.studenac.hr/trgovine/1343/t1020-kutina,"Stjepana Radića 121, Kutina",24.03 - 30.03.2025.,07:00-20:00,07:00-20:00,07:00-20:00,07:00-20:00,07:00-20:00,07:00-20:00,Zatvoreno
https://www.studenac.hr/trgovine/876/t1012-kutina,"Ulica Vladimira Nazora 32, Kutina",24.03 - 30.03.2025.,06:30-21:00,06:30-21:00,06:30-21:00,06:30-21:00,06:30-21:00,06:30-21:00,Zatvoreno
https://www.studenac.hr/trgovine/877/t1013-kutina,"Trg kralja Tomislava 10, Kutina",24.03 - 30.03.2025.,06:30-21:00,06:30-21:00,06:30-21:00,06:30-21:00,06:30-21:00,06:30-21:00,Zatvoreno
https://www.studenac.hr/trgovine/878/t1014-kutina,"Zagrebačka ulica 36, Kutina",24.03 - 30.03.2025.,06:30-21:00,06:30-21:00,06:30-21:00,06:30-21:00,06:30-21:00,06:30-21:00,Zatvoreno
https://www.studenac.hr/trgovine/880/t1018-kutina,"Ulica kralja Zvonimira 21, Kutina",24.03 - 30.03.2025.,07:00-21:00,07:00-21:00,07:00-21:00,07:00-21:00,07:00-21:00,07:00-21:00,Zatvoreno
https://www.studenac.hr/trgovine/882/t1021-kutina,"Ulica Ivana Zajca 3, Kutina",24.03 - 30.03.2025.,07:00-20:00,07:00-20:00,07:00-20:00,07:00-20:00,07:00-20:00,07:00-20:00,08:00-14:00
https://www.studenac.hr/trgovine/1143/t1010-kutina,"Kolodvorska ulica 19, Kutina",24.03 - 30.03.2025.,06:30-22:00,06:30-22:00,06:30-22:00,06:30-22:00,06:30-22:00,06:30-22:00,08:00-20:00
https://www.studenac.hr/trgovine/1041/t1269-kutnjak,"Kutnjak 119, Kutnjak",24.03 - 30.03.2025.,07:00-19:00,07:00-19:00,07:00-19:00,07:00-19:00,07:00-19:00,07:00-19:00,Zatvoreno
https://www.studenac.hr/trgovine/10/t422-labin,"Rudarska 7, Labin",24.03 - 30.03.2025.,07:00-21:00,07:00-21:00,07:00-21:00,07:00-21:00,07:00-21:00,07:00-21:00,Zatvoreno
https://www.studenac.hr/trgovine/654/t727-labin,"Zelenice ulica 10, Labin",24.03 - 30.03.2025.,07:00-22:00,07:00-22:00,07:00-22:00,07:00-22:00,07:00-22:00,07:00-22:00,07:00-21:00
https://www.studenac.hr/trgovine/431/t561-labin,"Kranjci 58, Labin",24.03 - 30.03.2025.,Zatvoreno,Zatvoreno,Zatvoreno,Zatvoreno,Zatvoreno,Zatvoreno,Zatvoreno
https://www.studenac.hr/trgovine/1274/t1399-ladimirevci,"Ulica Đuke Maričića 16, Ladimirevci",24.03 - 30.03.2025.,06:30-21:00,06:30-21:00,06:30-21:00,06:30-21:00,06:30-21:00,06:30-21:00,Zatvoreno
https://www.studenac.hr/trgovine/1179/t1237-lasovac,"Lasovac 122, Lasovac",24.03 - 30.03.2025.,06:30-20:00,06:30-20:00,06:30-20:00,06:30-20:00,06:30-20:00,07:00-19:00,08:00-14:00
https://www.studenac.hr/trgovine/69/t366-lastovo,"Ul. Ivana Gundulića 31, Uble, Lastovo",24.03 - 30.03.2025.,07:00-21:00,07:00-21:00,07:00-21:00,07:00-21:00,07:00-21:00,07:00-21:00,Zatvoreno
https://www.studenac.hr/trgovine/229/t008-lastovo,"Dragovoda 2, Uble, Lastovo",24.03 - 30.03.2025.,Zatvoreno,Zatvoreno,Zatvoreno,Zatvoreno,Zatvoreno,Zatvoreno,Zatvoreno
https://www.studenac.hr/trgovine/251/t211-lastovo,"Pjevor 12/1, Lastovo",24.03 - 30.03.2025.,07:00-21:00,07:00-21:00,07:00-21:00,07:00-21:00,07:00-21:00,07:00-21:00,07:00-20:00
https://www.studenac.hr/trgovine/1040/t1268-legrad,"Trg Svetog Trojstva 47, Legrad",24.03 - 30.03.2025.,07:00-21:00,07:00-21:00,07:00-21:00,07:00-21:00,07:00-21:00,07:00-21:00,Zatvoreno
https://www.studenac.hr/trgovine/1147/t1068-lekenik,"Zagrebačka ulica 38A, Lekenik",24.03 - 30.03.2025.,06:30-21:00,06:30-21:00,06:30-21:00,06:30-21:00,06:30-21:00,07:00-21:00,08:00-20:00
https://www.studenac.hr/trgovine/912/t1067-lekenik,"Zagrebačka ulica 46, Lekenik",24.03 - 30.03.2025.,07:00-21:00,07:00-21:00,07:00-21:00,07:00-21:00,07:00-21:00,07:00-21:00,Zatvoreno
https://www.studenac.hr/trgovine/1074/t1152-leprovica,"Zagrebačka ulica 49, Leprovica",24.03 - 30.03.2025.,06:00-20:00,06:00-20:00,06:00-20:00,06:00-20:00,06:00-20:00,06:00-20:00,Zatvoreno
https://www.studenac.hr/trgovine/827/t922-letovanic,"Letovanić 126, Letovanić",24.03 - 30.03.2025.,06:30-21:00,06:30-21:00,06:30-21:00,06:30-21:00,06:30-21:00,06:30-21:00,08:00-20:00
https://www.studenac.hr/trgovine/1099/t952-licki-osik,"Ivana Čanića Baje 1, Lički Osik",24.03 - 30.03.2025.,07:00-22:00,07:00-22:00,07:00-22:00,07:00-22:00,07:00-22:00,07:00-22:00,Zatvoreno
https://www.studenac.hr/trgovine/1399/t1537-lijevo-sredicko,"Ulica Klupski Slapovi 5, Lijevo Sredičko",24.03 - 30.03.2025.,07:00-21:00,07:00-21:00,07:00-21:00,07:00-21:00,07:00-21:00,07:00-21:00,08:00-16:00
https://www.studenac.hr/trgovine/982/t1183-lipik,"Vukovarska avenija 10, Lipik",24.03 - 30.03.2025.,06:30-21:30,06:30-21:30,06:30-21:30,06:30-21:30,06:30-21:30,06:30-21:30,Zatvoreno
https://www.studenac.hr/trgovine/983/t1185-lipik,"Ulica Matije Gupca 107, Lipik",24.03 - 30.03.2025.,06:30-21:30,06:30-21:30,06:30-21:30,06:30-21:30,06:30-21:30,06:30-21:30,Zatvoreno
https://www.studenac.hr/trgovine/37/t381-lisane-ostrovicke,"Lišane Ostrovičke 215, Lišane Ostrovičke",24.03 - 30.03.2025.,07:00-21:00,07:00-21:00,07:00-21:00,07:00-21:00,07:00-21:00,07:00-21:00,Zatvoreno
https://www.studenac.hr/trgovine/564/t606-liznjan,"Selo 35, Ližnjan",24.03 - 30.03.2025.,07:00-20:30,07:00-20:30,07:00-20:30,07:00-20:30,07:00-20:30,07:00-20:30,Zatvoreno
https://www.studenac.hr/trgovine/567/t607-liznjan,"Valtura 138, Ližnjan",24.03 - 30.03.2025.,07:00-21:00,07:00-21:00,07:00-21:00,07:00-21:00,07:00-21:00,07:00-21:00,Zatvoreno
https://www.studenac.hr/trgovine/752/t795-lokve,"Rudolfa Strohala 162, Lokve",24.03 - 30.03.2025.,07:00-20:00,07:00-20:00,07:00-20:00,07:00-20:00,07:00-20:00,07:00-20:00,Zatvoreno
https://www.studenac.hr/trgovine/623/t696-lovinac,"Put hrvatskih slavuja 4, Lovinac",24.03 - 30.03.2025.,07:00-21:00,07:00-21:00,07:00-21:00,07:00-21:00,07:00-21:00,07:00-21:00,Zatvoreno
https://www.studenac.hr/trgovine/1453/t1565-lozovac,"Tromilja 11, Lozovac",24.03 - 30.03.2025.,07:00-18:00,07:00-18:00,07:00-18:00,07:00-18:00,07:00-18:00,07:00-18:00,Zatvoreno
https://www.studenac.hr/trgovine/1538/t1682-lug-samoborski-bregana,"Bistrec 46, Lug Samoborski, Bregana",24.03 - 30.03.2025.,06:30-20:00,06:30-20:00,06:30-20:00,06:30-20:00,06:30-20:00,06:30-20:00,08:00-21:00
https://www.studenac.hr/trgovine/1114/t1388-luka,"Trg Sv.Roka 5, Luka",24.03 - 30.03.2025.,06:00-21:00,06:00-21:00,06:00-21:00,06:00-21:00,06:00-21:00,07:00-21:00,07:00-21:00
https://www.studenac.hr/trgovine/1393/t1530-lukavec,"Tratinska 48, Lukavec",24.03 - 30.03.2025.,06:30-21:00,06:30-21:00,06:30-21:00,06:30-21:00,06:30-21:00,06:30-21:00,08:00-18:00
https://www.studenac.hr/trgovine/1396/t1533-lukavec,"Lužec 1, Lukavec",24.03 - 30.03.2025.,06:30-21:00,06:30-21:00,06:30-21:00,06:30-21:00,06:30-21:00,06:30-21:00,Zatvoreno
https://www.studenac.hr/trgovine/1590/t1578-lukoran,"Šetalište Sv.Lovre 15, Lukoran",24.03 - 30.03.2025.,07:00-20:00,07:00-20:00,07:00-20:00,07:00-20:00,07:00-20:00,07:00-20:00,Zatvoreno
https://www.studenac.hr/trgovine/698/t763-lukoran,"Put Trpinjina 3, Lukoran",24.03 - 30.03.2025.,07:00-14:00,07:00-14:00,07:00-14:00,07:00-14:00,07:00-14:00,07:00-14:00,Zatvoreno
https://www.studenac.hr/trgovine/701/t769-lukoran,"Šetalište Svetog Lovre 13, Lukoran",24.03 - 30.03.2025.,Zatvoreno,Zatvoreno,Zatvoreno,Zatvoreno,Zatvoreno,Zatvoreno,Zatvoreno
https://www.studenac.hr/trgovine/193/t072-lumbarda,"Lumbarda 543, Lumbarda",24.03 - 30.03.2025.,07:00-21:00,07:00-21:00,07:00-21:00,07:00-21:00,07:00-21:00,07:00-21:00,Zatvoreno
https://www.studenac.hr/trgovine/511/t541-lupoglav,"17, Lupoglav, Lupoglav",24.03 - 30.03.2025.,07:00-20:30,07:00-20:30,07:00-20:30,07:00-20:30,07:00-20:30,07:00-20:30,Zatvoreno
https://www.studenac.hr/trgovine/1461/t1540-luzan,"Zagrebačka 19, Lužan",24.03 - 30.03.2025.,07:00-21:00,07:00-21:00,07:00-21:00,07:00-21:00,07:00-21:00,07:00-21:00,08:00-18:00
https://www.studenac.hr/trgovine/1148/t1070-madzari,"30A, Madžari, Madžari",24.03 - 30.03.2025.,07:00-20:00,07:00-20:00,07:00-20:00,07:00-20:00,07:00-20:00,07:00-20:00,Zatvoreno
https://www.studenac.hr/trgovine/6/t060-makarska,"Ulica kralja Zvonimira 2, Makarska",24.03 - 30.03.2025.,Zatvoreno,Zatvoreno,Zatvoreno,Zatvoreno,Zatvoreno,Zatvoreno,Zatvoreno
https://www.studenac.hr/trgovine/549/t472-makarska,"Potok ulica 13, Makarska",24.03 - 30.03.2025.,07:00-21:00,07:00-21:00,07:00-21:00,07:00-21:00,07:00-21:00,07:00-21:00,07:00-21:00
https://www.studenac.hr/trgovine/825/t895-makarska,"Breljanska ulica 2, Makarska",24.03 - 30.03.2025.,07:00-21:00,07:00-21:00,07:00-21:00,07:00-21:00,07:00-21:00,07:00-21:00,07:00-21:00
https://www.studenac.hr/trgovine/826/t896-makarska,"Put Makra 28, Makarska",24.03 - 30.03.2025.,07:00-20:00,07:00-20:00,07:00-20:00,07:00-20:00,07:00-20:00,07:00-20:00,Zatvoreno
https://www.studenac.hr/trgovine/355/t122-makarska,"Vukovarska ulica 18A, Makarska",24.03 - 30.03.2025.,Zatvoreno,Zatvoreno,Zatvoreno,Zatvoreno,Zatvoreno,Zatvoreno,Zatvoreno
https://www.studenac.hr/trgovine/1262/t999-makarska,"Ulica Ante Starčevića 38, Makarska",24.03 - 30.03.2025.,Zatvoreno,Zatvoreno,Zatvoreno,Zatvoreno,Zatvoreno,Zatvoreno,Zatvoreno
https://www.studenac.hr/trgovine/996/t1204-mali-bukovec,"Prvomajska ulica 5, Mali Bukovec",24.03 - 30.03.2025.,06:30-21:00,06:30-21:00,06:30-21:00,06:30-21:00,06:30-21:00,06:30-21:00,08:00-15:00
https://www.studenac.hr/trgovine/1208/t1372-mali-tabor,"Mali Tabor 18/1, Mali Tabor",24.03 - 30.03.2025.,07:00-20:00,07:00-20:00,07:00-20:00,07:00-20:00,07:00-20:00,07:00-20:00,08:00-14:00
https://www.studenac.hr/trgovine/406/t439-malinska,"Milčetić 24/1, Malinska",24.03 - 30.03.2025.,Zatvoreno,Zatvoreno,Zatvoreno,Zatvoreno,Zatvoreno,Zatvoreno,Zatvoreno
https://www.studenac.hr/trgovine/669/t725-marcelji,"Marčelji 129, Marčelji",24.03 - 30.03.2025.,07:00-22:00,07:00-22:00,07:00-22:00,07:00-22:00,07:00-22:00,07:00-22:00,Zatvoreno
https://www.studenac.hr/trgovine/1221/t1390-marija-bistrica,"Laz Bistrički 185, Marija Bistrica",24.03 - 30.03.2025.,07:00-21:00,07:00-21:00,07:00-21:00,07:00-21:00,07:00-21:00,07:00-21:00,07:00-21:00
https://www.studenac.hr/trgovine/72/t367-marina,"Mastrinka 9, Marina",24.03 - 30.03.2025.,07:00-21:00,07:00-21:00,07:00-21:00,07:00-21:00,07:00-21:00,07:00-21:00,Zatvoreno
https://www.studenac.hr/trgovine/134/t302-marina,"Poljička cesta 77, Marina",24.03 - 30.03.2025.,07:00-20:00,07:00-20:00,07:00-20:00,07:00-20:00,07:00-20:00,07:00-20:00,07:00-20:00
https://www.studenac.hr/trgovine/143/t286-marina,"Zagrada 8, Marina",24.03 - 30.03.2025.,07:00-20:00,07:00-20:00,07:00-20:00,07:00-20:00,07:00-20:00,07:00-20:00,Zatvoreno
https://www.studenac.hr/trgovine/162/t032-marina,"Ulica Ante Rudana 47, Marina",24.03 - 30.03.2025.,07:00-21:30,07:00-21:30,07:00-21:30,07:00-21:30,07:00-21:30,07:00-21:30,Zatvoreno
https://www.studenac.hr/trgovine/1271/t1414-marina-betina,"Nikole Škevina 15, Marina Betina",24.03 - 30.03.2025.,Zatvoreno,Zatvoreno,Zatvoreno,Zatvoreno,Zatvoreno,Zatvoreno,Zatvoreno
https://www.studenac.hr/trgovine/915/t1073-martinska-ves,"Desna Martinska Ves 78, Martinska Ves",24.03 - 30.03.2025.,07:00-21:00,07:00-21:00,07:00-21:00,07:00-21:00,07:00-21:00,07:00-21:00,08:00-18:00
https://www.studenac.hr/trgovine/737/t780-maslenica,"Ulica Gojka Šuška 7, Maslenica",24.03 - 30.03.2025.,06:30-21:00,06:30-21:00,06:30-21:00,06:30-21:00,06:30-21:00,06:30-21:00,Zatvoreno
https://www.studenac.hr/trgovine/943/t1110-mecencani,"Mečenčani 10, Mečenčani",24.03 - 30.03.2025.,07:00-21:00,07:00-21:00,07:00-21:00,07:00-21:00,07:00-21:00,07:00-21:00,08:00-14:00
https://www.studenac.hr/trgovine/988/t1193-medari,"Medari 83, Medari",24.03 - 30.03.2025.,07:30-14:30,07:30-14:30,07:30-14:30,07:30-14:30,07:30-14:30,08:00-13:00,08:00-14:00
https://www.studenac.hr/trgovine/813/t892-medulin,"Selo, Varoš 203A, Medulin",24.03 - 30.03.2025.,Zatvoreno,Zatvoreno,Zatvoreno,Zatvoreno,Zatvoreno,Zatvoreno,Zatvoreno
https://www.studenac.hr/trgovine/560/t530-medulin,"Ližnjanska cesta 131, Medulin",24.03 - 30.03.2025.,07:00-21:00,07:00-21:00,07:00-21:00,07:00-21:00,07:00-21:00,07:00-21:00,Zatvoreno
https://www.studenac.hr/trgovine/673/t610-medulin,"Osipovica 20, Medulin",24.03 - 30.03.2025.,Zatvoreno,Zatvoreno,Zatvoreno,Zatvoreno,Zatvoreno,Zatvoreno,Zatvoreno
https://www.studenac.hr/trgovine/1480/t1640-medulin,"Pomer 1, Medulin",24.03 - 30.03.2025.,Zatvoreno,Zatvoreno,Zatvoreno,Zatvoreno,Zatvoreno,Zatvoreno,Zatvoreno
