storeId,storeTitle,storeHours,openNow,openOnSunday,storeLink
1376,"Dragutin Domjanića Street 55, Adamovec",Open: 07:00-21:00,True,False,https://www.studenac.hr/trgovine/1132/t1376-adamovec
1579,"Matije Gupca 72, Andrijaševci",Open: 07:00-21:00,True,True,https://www.studenac.hr/trgovine/1432/t1579-andrijasevci
226,"Zadublje 1, Babino Polje",Open: 07:00-20:00,True,False,https://www.studenac.hr/trgovine/260/t226-babino-polje
1592,"La Musa Square 9, Bale",Open: 07:00-21:00,True,False,https://www.studenac.hr/trgovine/1567/t1592-bale
992,"Mon Perin San Polo, Bale",Closed,False,False,https://www.studenac.hr/trgovine/1342/t992-bale
991,,,False,False,https://www.studenac.hr/trgovine/1256/t991-bale
514,,,True,True,https://www.studenac.hr/trgovine/478/t514-bale-valle
1033,,,False,False,https://www.studenac.hr/trgovine/890/t1033-banova-jaruga
1035,,,True,True,https://www.studenac.hr/trgovine/892/t1035-banova-jaruga
658,,,True,False,https://www.studenac.hr/trgovine/614/t658-banjevci
1597,,,True,False,https://www.studenac.hr/trgovine/1572/t1597-banjole
997,,,True,False,https://www.studenac.hr/trgovine/1301/t997-baska-voda
346,,,True,False,https://www.studenac.hr/trgovine/84/t346-baska-voda
336,,,False,False,https://www.studenac.hr/trgovine/99/t336-baska-voda
1426,,,False,True,https://www.studenac.hr/trgovine/1363/t1426-bedenik
1569,,,True,True,https://www.studenac.hr/trgovine/1431/t1569-beli-manastir
216,,,True,False,https://www.studenac.hr/trgovine/256/t216-benkovac
184,,,True,False,https://www.studenac.hr/trgovine/309/t184-benkovac
1457,,,True,True,https://www.studenac.hr/trgovine/1228/t1457-benkovac
1239,,,True,False,https://www.studenac.hr/trgovine/1327/t1239-berek
473,,,True,False,https://www.studenac.hr/trgovine/576/t473-bibinje
225,,,True,True,https://www.studenac.hr/trgovine/248/t225-bibinje
676,,,True,False,https://www.studenac.hr/trgovine/615/t676-biograd-na-moru
657,,,True,True,https://www.studenac.hr/trgovine/636/t657-biograd-na-moru
291,,,True,False,https://www.studenac.hr/trgovine/132/t291-biograd-na-moru
292,,,True,False,https://www.studenac.hr/trgovine/133/t292-biograd-na-moru
757,,,True,False,https://www.studenac.hr/trgovine/692/t757-biograd-na-moru
750,,,True,False,https://www.studenac.hr/trgovine/693/t750-biograd-na-moru
749,,,True,False,https://www.studenac.hr/trgovine/694/t749-biograd-na-moru
748,,,True,False,https://www.studenac.hr/trgovine/695/t748-biograd-na-moru
758,,,True,False,https://www.studenac.hr/trgovine/715/t758-biograd-na-moru
759,,,True,False,https://www.studenac.hr/trgovine/719/t759-biograd-na-moru
1451,,,True,True,https://www.studenac.hr/trgovine/1281/t1451-bjelovar
1436,,,True,True,https://www.studenac.hr/trgovine/1283/t1436-bjelovar
1416,,,True,False,https://www.studenac.hr/trgovine/1293/t1416-bjelovar
928,,,True,False,https://www.studenac.hr/trgovine/1090/t928-bjelovar
1419,,,True,True,https://www.studenac.hr/trgovine/1348/t1419-bjelovar
1418,,,True,False,https://www.studenac.hr/trgovine/1350/t1418-bjelovar
1444,,,True,False,https://www.studenac.hr/trgovine/1351/t1444-bjelovar
1445,,,True,True,https://www.studenac.hr/trgovine/1352/t1445-bjelovar
1435,,,True,False,https://www.studenac.hr/trgovine/1353/t1435-bjelovar
1441,,,False,False,https://www.studenac.hr/trgovine/1356/t1441-bjelovar
1213,,,True,True,https://www.studenac.hr/trgovine/1173/t1213-bjelovar
1209,,,True,False,https://www.studenac.hr/trgovine/998/t1209-bjelovar
1210,,,True,False,https://www.studenac.hr/trgovine/999/t1210-bjelovar
1211,,,True,True,https://www.studenac.hr/trgovine/1000/t1211-bjelovar
1212,,,False,True,https://www.studenac.hr/trgovine/1001/t1212-bjelovar
1214,,,True,True,https://www.studenac.hr/trgovine/1002/t1214-bjelovar
1215,,,True,False,https://www.studenac.hr/trgovine/1003/t1215-bjelovar
1216,,,True,False,https://www.studenac.hr/trgovine/1004/t1216-bjelovar
1217,,,True,False,https://www.studenac.hr/trgovine/1005/t1217-bjelovar
1220,,,True,True,https://www.studenac.hr/trgovine/1008/t1220-bjelovar
998,,,True,False,https://www.studenac.hr/trgovine/1264/t998-bjelovar
1247,,,True,True,https://www.studenac.hr/trgovine/1023/t1247-blagorodovac
615,,,True,False,https://www.studenac.hr/trgovine/578/t615-blato
110,,,True,False,https://www.studenac.hr/trgovine/362/t110-blato
109,,,True,True,https://www.studenac.hr/trgovine/363/t109-blato
108,,,True,False,https://www.studenac.hr/trgovine/364/t108-blato
296,,,True,False,https://www.studenac.hr/trgovine/139/t296-blato
1071,,,True,False,https://www.studenac.hr/trgovine/1300/t1071-blinjski-kut
1075,,,True,False,https://www.studenac.hr/trgovine/916/t1075-bobovac
1201,,,True,True,https://www.studenac.hr/trgovine/993/t1201-bodovaljci
071,,,True,True,https://www.studenac.hr/trgovine/539/t071-bol
045,,,True,False,https://www.studenac.hr/trgovine/374/t045-bol
995,,,False,False,https://www.studenac.hr/trgovine/1410/t995-bol
046,,,True,False,https://www.studenac.hr/trgovine/170/t046-bol
1438,,,True,False,https://www.studenac.hr/trgovine/1296/t1438-bolc
1202,,,True,False,https://www.studenac.hr/trgovine/994/t1202-bolfan
1048,,,True,False,https://www.studenac.hr/trgovine/901/t1048-borovac
1101,,,False,False,https://www.studenac.hr/trgovine/1316/t1101-bovic
712,,,False,False,https://www.studenac.hr/trgovine/668/t712-bozava
1543,,,True,True,https://www.studenac.hr/trgovine/1398/t1543-bratina
1158,,,True,False,https://www.studenac.hr/trgovine/1158/t1158-brckovljani
1157,,,True,False,https://www.studenac.hr/trgovine/969/t1157-brckovljani
1683,,,True,False,https://www.studenac.hr/trgovine/1539/t1683-bregana
1688,,,True,False,https://www.studenac.hr/trgovine/1550/t1688-bregana
1394,,,True,False,https://www.studenac.hr/trgovine/1225/t1394-bregovljana
029,,,True,False,https://www.studenac.hr/trgovine/1429/t029-brela
1028,,,True,True,https://www.studenac.hr/trgovine/888/t1028-brestaca
1184,,,True,True,https://www.studenac.hr/trgovine/1167/t1184-brezine
1442,,,True,False,https://www.studenac.hr/trgovine/1355/t1442-brezovac
281,,,True,False,https://www.studenac.hr/trgovine/146/t281-brist
688,,,True,False,https://www.studenac.hr/trgovine/664/t688-brisevo
324,,,True,False,https://www.studenac.hr/trgovine/106/t324-brnaze
1029,,,True,False,https://www.studenac.hr/trgovine/889/t1029-brocice
199,,,True,False,https://www.studenac.hr/trgovine/217/t199-brodarica
1641,,,True,False,https://www.studenac.hr/trgovine/1485/t1641-brodski-stupnik
547,,,True,False,https://www.studenac.hr/trgovine/518/t547-brtonigla
1072,,,True,False,https://www.studenac.hr/trgovine/914/t1072-budasevo
1258,,,False,False,https://www.studenac.hr/trgovine/1032/t1258-budrovac
1429,,,True,False,https://www.studenac.hr/trgovine/1364/t1429-bulinac
544,,,True,False,https://www.studenac.hr/trgovine/515/t544-buzet
1552,,,True,True,https://www.studenac.hr/trgovine/1425/t1552-carevdar
427,,,True,False,https://www.studenac.hr/trgovine/8/t427-cavtat
818,,,True,False,https://www.studenac.hr/trgovine/840/t818-cavtat
819,,,True,False,https://www.studenac.hr/trgovine/841/t819-cavtat
820,,,True,True,https://www.studenac.hr/trgovine/842/t820-cavtat
1180,,,True,True,https://www.studenac.hr/trgovine/1166/t1180-cerje
543,,,True,False,https://www.studenac.hr/trgovine/514/t543-cerovlje
860,,,True,False,https://www.studenac.hr/trgovine/779/t860-cetingrad
1226,,,False,False,https://www.studenac.hr/trgovine/1012/t1226-ciglena
1463,,,True,False,https://www.studenac.hr/trgovine/1237/t1463-cirkovljan
335,,,True,False,https://www.studenac.hr/trgovine/100/t335-cista-provo
797,,,True,True,https://www.studenac.hr/trgovine/751/t797-cista-velika
902,,,True,False,https://www.studenac.hr/trgovine/815/t902-crikvenica
740,,,True,True,https://www.studenac.hr/trgovine/741/t740-crikvenica
708,,,True,False,https://www.studenac.hr/trgovine/642/t708-crno
972,,,True,False,https://www.studenac.hr/trgovine/1104/t972-cakovec
781,,,True,False,https://www.studenac.hr/trgovine/743/t781-cavle
1740,,,True,True,https://www.studenac.hr/trgovine/1621/t1740-cazma
1534,,,True,False,https://www.studenac.hr/trgovine/1407/t1534-celopeci
1259,,,True,False,https://www.studenac.hr/trgovine/1182/t1259-cepelovac
1334,,,True,False,https://www.studenac.hr/trgovine/1263/t1334-cepic
1605,,,True,True,https://www.studenac.hr/trgovine/1459/t1605-cepin
557,,,False,False,https://www.studenac.hr/trgovine/421/t557-cervar-porat
933,,,True,False,https://www.studenac.hr/trgovine/832/t933-cibaca
821,,,False,False,https://www.studenac.hr/trgovine/843/t821-cilipi
894,,,True,False,https://www.studenac.hr/trgovine/1512/t894-cilipi
1171,,,False,False,https://www.studenac.hr/trgovine/975/t1171-crecan
1203,,,False,True,https://www.studenac.hr/trgovine/995/t1203-cukovec
1658,,,True,False,https://www.studenac.hr/trgovine/1509/t1658-darda
944,,,True,True,https://www.studenac.hr/trgovine/1096/t944-daruvar
1174,,,False,False,https://www.studenac.hr/trgovine/1164/t1174-deanovec
650,,,True,False,https://www.studenac.hr/trgovine/647/t650-debeljak
1360,,,True,False,https://www.studenac.hr/trgovine/1196/t1360-desinic
332,,,True,False,https://www.studenac.hr/trgovine/104/t332-dicmo
960,,,True,False,https://www.studenac.hr/trgovine/1137/t960-dicmo
965,,,True,False,https://www.studenac.hr/trgovine/1140/t965-dicmo
310,,,True,False,https://www.studenac.hr/trgovine/124/t310-dicmo
092,,,True,True,https://www.studenac.hr/trgovine/207/t092-dicmo
968,,,True,False,https://www.studenac.hr/trgovine/1243/t968-dicmo
1162,,,True,True,https://www.studenac.hr/trgovine/1159/t1162-dobrodol
1367,,,True,False,https://www.studenac.hr/trgovine/1117/t1367-donja-bistra
1059,,,True,False,https://www.studenac.hr/trgovine/1244/t1059-donja-budicina
1169,,,False,False,https://www.studenac.hr/trgovine/1163/t1169-donja-drenova
1545,,,True,True,https://www.studenac.hr/trgovine/1414/t1545-donja-dubrava
1049,,,True,True,https://www.studenac.hr/trgovine/1062/t1049-donja-gracenica
1528,,,True,False,https://www.studenac.hr/trgovine/1391/t1528-donja-lomnica
1531,,,True,True,https://www.studenac.hr/trgovine/1394/t1531-donja-lomnica
1181,,,True,False,https://www.studenac.hr/trgovine/980/t1181-donja-zdencina
756,,,True,False,https://www.studenac.hr/trgovine/718/t756-donje-rastane
1143,,,True,True,https://www.studenac.hr/trgovine/1155/t1143-donji-desinec
1482,,,True,False,https://www.studenac.hr/trgovine/1612/t1482-donji-kneginec
1636,,,True,True,https://www.studenac.hr/trgovine/1486/t1636-donji-kraljevec
1352,,,True,False,https://www.studenac.hr/trgovine/1188/t1352-donji-laduc
1511,,,False,True,https://www.studenac.hr/trgovine/1372/t1511-donji-miholjac
1097,,,True,False,https://www.studenac.hr/trgovine/934/t1097-donji-vidusevac
1577,,,False,False,https://www.studenac.hr/trgovine/1466/t1577-drace
1200,,,True,False,https://www.studenac.hr/trgovine/992/t1200-dragalic
785,,,False,False,https://www.studenac.hr/trgovine/812/t785-drage
697,,,True,False,https://www.studenac.hr/trgovine/640/t697-drage
1498,,,False,False,https://www.studenac.hr/trgovine/1479/t1498-drage
772,,,True,False,https://www.studenac.hr/trgovine/714/t772-drage
629,,,True,False,https://www.studenac.hr/trgovine/674/t629-dramalj
898,,,False,False,https://www.studenac.hr/trgovine/814/t898-drasnice
1238,,,False,False,https://www.studenac.hr/trgovine/1180/t1238-drazica
863,,,True,False,https://www.studenac.hr/trgovine/782/t863-dreznik-grad
410,,,True,True,https://www.studenac.hr/trgovine/28/t410-drnis
635,,,True,False,https://www.studenac.hr/trgovine/635/t635-drnis
1554,,,True,True,https://www.studenac.hr/trgovine/1449/t1554-drnje
064,,,True,False,https://www.studenac.hr/trgovine/185/t064-drvenik
1606,,,False,False,https://www.studenac.hr/trgovine/1470/t1606-drvenik
1196,,,True,False,https://www.studenac.hr/trgovine/1171/t1196-dubovac
1449,,,True,True,https://www.studenac.hr/trgovine/1276/t1449-dubrava
822,,,False,False,https://www.studenac.hr/trgovine/844/t822-dubravka
431,,,True,False,https://www.studenac.hr/trgovine/3/t431-dubrovnik
430,,,True,False,https://www.studenac.hr/trgovine/4/t430-dubrovnik
480,,,True,True,https://www.studenac.hr/trgovine/551/t480-dubrovnik
970,,,True,False,https://www.studenac.hr/trgovine/1098/t970-dubrovnik
823,,,True,False,https://www.studenac.hr/trgovine/845/t823-dubrovnik
824,,,True,False,https://www.studenac.hr/trgovine/846/t824-dubrovnik
356,,,True,False,https://www.studenac.hr/trgovine/79/t356-dubrovnik
826,,,True,True,https://www.studenac.hr/trgovine/848/t826-dubrovnik
828,,,True,False,https://www.studenac.hr/trgovine/850/t828-dubrovnik
829,,,True,True,https://www.studenac.hr/trgovine/851/t829-dubrovnik
830,,,True,False,https://www.studenac.hr/trgovine/852/t830-dubrovnik
831,,,True,False,https://www.studenac.hr/trgovine/853/t831-dubrovnik
825,,,True,False,https://www.studenac.hr/trgovine/86/t825-dubrovnik
832,,,True,False,https://www.studenac.hr/trgovine/854/t832-dubrovnik
833,,,True,True,https://www.studenac.hr/trgovine/855/t833-dubrovnik
834,,,True,False,https://www.studenac.hr/trgovine/856/t834-dubrovnik
351,,,True,False,https://www.studenac.hr/trgovine/89/t351-dubrovnik
835,,,True,False,https://www.studenac.hr/trgovine/857/t835-dubrovnik
836,,,True,False,https://www.studenac.hr/trgovine/858/t836-dubrovnik
837,,,True,False,https://www.studenac.hr/trgovine/859/t837-dubrovnik
838,,,True,False,https://www.studenac.hr/trgovine/860/t838-dubrovnik
840,,,True,False,https://www.studenac.hr/trgovine/861/t840-dubrovnik
841,,,True,False,https://www.studenac.hr/trgovine/862/t841-dubrovnik
842,,,True,False,https://www.studenac.hr/trgovine/863/t842-dubrovnik
276,,,True,False,https://www.studenac.hr/trgovine/390/t276-dubrovnik
275,,,True,False,https://www.studenac.hr/trgovine/391/t275-dubrovnik
282,,,True,False,https://www.studenac.hr/trgovine/392/t282-dubrovnik
440,,,True,False,https://www.studenac.hr/trgovine/405/t440-dubrovnik
262,,,True,False,https://www.studenac.hr/trgovine/408/t262-dubrovnik
447,,,True,False,https://www.studenac.hr/trgovine/413/t447-dubrovnik
624,,,True,False,https://www.studenac.hr/trgovine/685/t624-dubrovnik
803,,,True,False,https://www.studenac.hr/trgovine/760/t803-dubrovnik
839,,,False,False,https://www.studenac.hr/trgovine/1279/t839-dubrovnik
1274,,,False,True,https://www.studenac.hr/trgovine/1247/t1274-duga-rijeka
384,,,True,False,https://www.studenac.hr/trgovine/43/t384-dugi-rat
007,,,True,False,https://www.studenac.hr/trgovine/150/t007-dugi-rat
020,,,True,False,https://www.studenac.hr/trgovine/156/t020-dugi-rat
1746,,,True,True,https://www.studenac.hr/trgovine/1618/t1746-dugo-selo
1156,,,True,True,https://www.studenac.hr/trgovine/1157/t1156-dugo-selo
1159,,,True,False,https://www.studenac.hr/trgovine/970/t1159-dugo-selo
969,,,False,False,https://www.studenac.hr/trgovine/1142/t969-dugopolje
1107,,,True,True,https://www.studenac.hr/trgovine/940/t1107-dvor
1108,,,True,False,https://www.studenac.hr/trgovine/941/t1108-dvor
1731,,,True,False,https://www.studenac.hr/trgovine/1591/t1731-akovo
1698,,,True,False,https://www.studenac.hr/trgovine/1504/t1698-akovo
1553,,,True,False,https://www.studenac.hr/trgovine/1433/t1553-elekovec
1712,,,True,False,https://www.studenac.hr/trgovine/1533/t1712-ulovac
1165,,,True,False,https://www.studenac.hr/trgovine/1160/t1165-urekovec
1257,,,True,False,https://www.studenac.hr/trgovine/1031/t1257-urevac
1262,,,False,False,https://www.studenac.hr/trgovine/1034/t1262-urevac
1264,,,True,True,https://www.studenac.hr/trgovine/1036/t1264-urevac
1265,,,True,True,https://www.studenac.hr/trgovine/1037/t1265-urevac
1356,,,True,False,https://www.studenac.hr/trgovine/1192/t1356-urmanec
1422,,,True,True,https://www.studenac.hr/trgovine/1252/t1422-farkasevac
604,,,True,False,https://www.studenac.hr/trgovine/562/t604-fazana
581,,,False,False,https://www.studenac.hr/trgovine/454/t581-fazana-fasana
496,,,True,False,https://www.studenac.hr/trgovine/458/t496-fazana-fasana
1285,,,True,True,https://www.studenac.hr/trgovine/1055/t1285-ferdinandovac
1576,,,False,False,https://www.studenac.hr/trgovine/1454/t1576-funtana
598,,,False,False,https://www.studenac.hr/trgovine/505/t598-funtana
599,,,False,False,https://www.studenac.hr/trgovine/506/t599-funtana
600,,,False,False,https://www.studenac.hr/trgovine/507/t600-funtana
887,,,True,False,https://www.studenac.hr/trgovine/795/t887-galizana
1206,,,True,False,https://www.studenac.hr/trgovine/1319/t1206-galovac
641,,,True,False,https://www.studenac.hr/trgovine/596/t641-galovac
1221,,,True,False,https://www.studenac.hr/trgovine/1174/t1221-garesnica
1224,,,True,False,https://www.studenac.hr/trgovine/1175/t1224-garesnica
1225,,,True,True,https://www.studenac.hr/trgovine/1011/t1225-garesnica
1223,,,True,False,https://www.studenac.hr/trgovine/1010/t1223-garesnicki-brestovac
1570,,,False,False,https://www.studenac.hr/trgovine/1439/t1570-glavotok
1091,,,True,False,https://www.studenac.hr/trgovine/928/t1091-glina
1092,,,True,True,https://www.studenac.hr/trgovine/929/t1092-glina
1093,,,True,False,https://www.studenac.hr/trgovine/930/t1093-glina
1094,,,True,False,https://www.studenac.hr/trgovine/931/t1094-glina
1095,,,True,False,https://www.studenac.hr/trgovine/932/t1095-glina
1096,,,True,True,https://www.studenac.hr/trgovine/933/t1096-glina
1288,,,True,False,https://www.studenac.hr/trgovine/1058/t1288-gola
1170,,,True,True,https://www.studenac.hr/trgovine/974/t1170-goricica
1365,,,True,False,https://www.studenac.hr/trgovine/1201/t1365-gornja-bistra
1017,,,True,False,https://www.studenac.hr/trgovine/879/t1017-gornja-gracenica
1374,,,True,False,https://www.studenac.hr/trgovine/1118/t1374-gornja-stubica
1379,,,True,True,https://www.studenac.hr/trgovine/1213/t1379-gornja-stubica
1040,,,False,False,https://www.studenac.hr/trgovine/1313/t1040-gornja-vlahinicka
1150,,,True,False,https://www.studenac.hr/trgovine/1328/t1150-gornji-dragonozec
878,,,True,False,https://www.studenac.hr/trgovine/802/t878-gornji-karin
1371,,,True,True,https://www.studenac.hr/trgovine/1207/t1371-gornji-laduc
736,,,True,True,https://www.studenac.hr/trgovine/681/t736-gornji-muc
1491,,,True,False,https://www.studenac.hr/trgovine/1580/t1491-gospic
1648,,,True,True,https://www.studenac.hr/trgovine/1487/t1648-gospic
1175,,,True,True,https://www.studenac.hr/trgovine/977/t1175-graberje-ivanicko
1111,,,False,True,https://www.studenac.hr/trgovine/1317/t1111-grabostani
760,,,True,False,https://www.studenac.hr/trgovine/716/t760-gracac
465,,,True,False,https://www.studenac.hr/trgovine/530/t465-gracisce
540,,,True,False,https://www.studenac.hr/trgovine/510/t540-gracisce
164,,,True,False,https://www.studenac.hr/trgovine/325/t164-gradac
065,,,True,False,https://www.studenac.hr/trgovine/186/t065-gradac
1608,,,False,True,https://www.studenac.hr/trgovine/1473/t1608-gradac
198,,,True,False,https://www.studenac.hr/trgovine/214/t198-gradac
1610,,,False,False,https://www.studenac.hr/trgovine/1465/t1610-gradec
193,,,True,False,https://www.studenac.hr/trgovine/302/t193-grebastica
1099,,,True,True,https://www.studenac.hr/trgovine/935/t1099-greani
783,,,True,False,https://www.studenac.hr/trgovine/757/t783-grohote
1439,,,True,True,https://www.studenac.hr/trgovine/1280/t1439-grubisno-polje
1455,,,True,False,https://www.studenac.hr/trgovine/1366/t1455-grubisno-polje
843,,,True,False,https://www.studenac.hr/trgovine/864/t843-gruda
789,,,True,True,https://www.studenac.hr/trgovine/745/t789-gruda
1425,,,True,False,https://www.studenac.hr/trgovine/1362/t1425-gudovac
1245,,,True,False,https://www.studenac.hr/trgovine/1021/t1245-gudovac
784,,,True,False,https://www.studenac.hr/trgovine/738/t784-gustirna
1261,,,False,True,https://www.studenac.hr/trgovine/1033/t1261-hampovica
1432,,,True,False,https://www.studenac.hr/trgovine/1295/t1432-hercegovac
1281,,,True,False,https://www.studenac.hr/trgovine/1051/t1281-hlebine
1083,,,True,True,https://www.studenac.hr/trgovine/921/t1083-hrastelnica
1424,,,True,False,https://www.studenac.hr/trgovine/1285/t1424-hrgovljani
313,,,True,False,https://www.studenac.hr/trgovine/109/t313-hrvace
097,,,True,True,https://www.studenac.hr/trgovine/369/t097-hrvace
319,,,True,False,https://www.studenac.hr/trgovine/117/t319-hrvace
1109,,,True,True,https://www.studenac.hr/trgovine/942/t1109-hrvatska-dubica
1104,,,True,True,https://www.studenac.hr/trgovine/1150/t1104-hrvatska-kostajnica
1106,,,True,False,https://www.studenac.hr/trgovine/939/t1106-hrvatska-kostajnica
1368,,,False,True,https://www.studenac.hr/trgovine/1204/t1368-hum-na-sutli
1019,,,True,False,https://www.studenac.hr/trgovine/881/t1019-husain
905,,,False,False,https://www.studenac.hr/trgovine/810/t905-hvar
912,,,False,False,https://www.studenac.hr/trgovine/823/t912-hvar
051,,,True,False,https://www.studenac.hr/trgovine/172/t051-hvar
052,,,True,False,https://www.studenac.hr/trgovine/173/t052-hvar
057,,,True,False,https://www.studenac.hr/trgovine/178/t057-hvar
058,,,True,False,https://www.studenac.hr/trgovine/179/t058-hvar
1599,,,False,False,https://www.studenac.hr/trgovine/1463/t1599-hvar
1626,,,False,False,https://www.studenac.hr/trgovine/1472/t1626-hvar
1011,,,True,True,https://www.studenac.hr/trgovine/875/t1011-ilova
1290,,,True,False,https://www.studenac.hr/trgovine/1060/t1290-imbriovec
601,,,True,False,https://www.studenac.hr/trgovine/559/t601-imotski
392,,,True,True,https://www.studenac.hr/trgovine/50/t392-imotski
120,,,True,True,https://www.studenac.hr/trgovine/357/t120-imotski
053,,,True,True,https://www.studenac.hr/trgovine/174/t053-imotski
096,,,True,False,https://www.studenac.hr/trgovine/209/t096-imotski
976,,,True,False,https://www.studenac.hr/trgovine/1254/t976-imotski
913,,,True,False,https://www.studenac.hr/trgovine/818/t913-islam-grcki
700,,,False,False,https://www.studenac.hr/trgovine/680/t700-ist
1344,,,False,False,https://www.studenac.hr/trgovine/1267/t1344-ivan-dolac
1718,,,True,False,https://www.studenac.hr/trgovine/1574/t1718-ivanec
1735,,,True,True,https://www.studenac.hr/trgovine/1606/t1735-ivanec
1732,,,True,True,https://www.studenac.hr/trgovine/1587/t1732-ivanic-grad
1179,,,True,False,https://www.studenac.hr/trgovine/979/t1179-ivanic-grad
1443,,,True,False,https://www.studenac.hr/trgovine/1251/t1443-ivanska
1347,,,True,False,https://www.studenac.hr/trgovine/1291/t1347-jablanovec
1249,,,False,False,https://www.studenac.hr/trgovine/1025/t1249-jagnjedovec
1366,,,True,True,https://www.studenac.hr/trgovine/1202/t1366-jakovlje
989,,,True,True,https://www.studenac.hr/trgovine/1255/t989-jaksic
1155,,,True,False,https://www.studenac.hr/trgovine/968/t1155-jalsevec-nartski
1036,,,True,False,https://www.studenac.hr/trgovine/893/t1036-jamarica
288,,,True,False,https://www.studenac.hr/trgovine/140/t288-janjina
413,,,False,False,https://www.studenac.hr/trgovine/402/t413-janjina
1055,,,False,False,https://www.studenac.hr/trgovine/904/t1055-jasenovac
147,,,True,False,https://www.studenac.hr/trgovine/298/t147-jelsa
178,,,True,False,https://www.studenac.hr/trgovine/314/t178-jelsa
154,,,False,False,https://www.studenac.hr/trgovine/333/t154-jelsa
1611,,,True,False,https://www.studenac.hr/trgovine/1494/t1611-jelsa
222,,,False,False,https://www.studenac.hr/trgovine/246/t222-jesenice
669,,,True,False,https://www.studenac.hr/trgovine/604/t669-kali
665,,,True,False,https://www.studenac.hr/trgovine/630/t665-kali
1271,,,True,False,https://www.studenac.hr/trgovine/1043/t1271-kalinovac
1272,,,True,False,https://www.studenac.hr/trgovine/1044/t1272-kalinovac
1346,,,True,False,https://www.studenac.hr/trgovine/1347/t1346-kamanje
456,,,True,False,https://www.studenac.hr/trgovine/545/t456-kamenmost
1508,,,False,False,https://www.studenac.hr/trgovine/1437/t1508-povljana
1502,,,False,False,https://www.studenac.hr/trgovine/1435/t1502-kanegra
1588,,,True,False,https://www.studenac.hr/trgovine/1563/t1588-kanfanar
994,,,True,False,https://www.studenac.hr/trgovine/1110/t994-kanfanar
806,,,True,True,https://www.studenac.hr/trgovine/758/t806-kanfanar
1244,,,True,False,https://www.studenac.hr/trgovine/1020/t1244-kapela
1420,,,True,True,https://www.studenac.hr/trgovine/1277/t1420-kapela
1503,,,False,False,https://www.studenac.hr/trgovine/1436/t1503-karigador
713,,,False,False,https://www.studenac.hr/trgovine/729/t713-karin
668,,,True,False,https://www.studenac.hr/trgovine/612/t668-karlobag
742,,,True,True,https://www.studenac.hr/trgovine/723/t742-karlobag
486,,,True,False,https://www.studenac.hr/trgovine/423/t486-karojba
1335,,,True,False,https://www.studenac.hr/trgovine/1345/t1335-kasina
1575,,,True,False,https://www.studenac.hr/trgovine/1428/t1575-kastel-luksic
954,,,True,False,https://www.studenac.hr/trgovine/1273/t954-kastel-luksic
048,,,True,True,https://www.studenac.hr/trgovine/224/t048-kastel-stari
1710,,,True,False,https://www.studenac.hr/trgovine/1515/t1710-kastel-stari
424,,,True,False,https://www.studenac.hr/trgovine/11/t424-kastel-stafilic
1039,,,False,False,https://www.studenac.hr/trgovine/1315/t1039-katolicko-selisce
106,,,True,False,https://www.studenac.hr/trgovine/219/t106-kijevo
634,,,True,False,https://www.studenac.hr/trgovine/645/t634-kistanje
911,,,False,False,https://www.studenac.hr/trgovine/817/t911-klek
897,,,True,True,https://www.studenac.hr/trgovine/819/t897-klinca-sela
176,,,True,False,https://www.studenac.hr/trgovine/315/t176-klis
959,,,False,False,https://www.studenac.hr/trgovine/1136/t959-klis
963,,,True,False,https://www.studenac.hr/trgovine/1139/t963-klis
967,,,True,False,https://www.studenac.hr/trgovine/1141/t967-klis
309,,,True,False,https://www.studenac.hr/trgovine/126/t309-klis
962,,,True,True,https://www.studenac.hr/trgovine/1240/t962-klis
1207,,,False,True,https://www.studenac.hr/trgovine/1172/t1207-klokocevac
1287,,,True,False,https://www.studenac.hr/trgovine/1057/t1287-klostar-podravski
1256,,,False,False,https://www.studenac.hr/trgovine/1246/t1256-klostar-vojakovacki
370,,,True,False,https://www.studenac.hr/trgovine/63/t370-knin
298,,,True,False,https://www.studenac.hr/trgovine/136/t298-knin
297,,,True,True,https://www.studenac.hr/trgovine/137/t297-knin
411,,,True,False,https://www.studenac.hr/trgovine/24/t411-komiza
779,,,True,False,https://www.studenac.hr/trgovine/755/t779-komiza
844,,,True,False,https://www.studenac.hr/trgovine/865/t844-komolac
1713,,,True,False,https://www.studenac.hr/trgovine/1534/t1713-konjscina
1253,,,False,False,https://www.studenac.hr/trgovine/1029/t1253-koprivnica
1255,,,True,False,https://www.studenac.hr/trgovine/1030/t1255-koprivnica
1254,,,True,True,https://www.studenac.hr/trgovine/1088/t1254-koprivnica
986,,,False,True,https://www.studenac.hr/trgovine/1405/t986-koprivnica
1557,,,False,False,https://www.studenac.hr/trgovine/1413/t1557-koprivnica
1549,,,True,True,https://www.studenac.hr/trgovine/1417/t1549-koprivnica
1555,,,False,False,https://www.studenac.hr/trgovine/1434/t1555-koprivnica
1646,,,True,True,https://www.studenac.hr/trgovine/1491/t1646-koprivnica
1289,,,True,True,https://www.studenac.hr/trgovine/1059/t1289-koprivnicki-bregi
102,,,True,False,https://www.studenac.hr/trgovine/297/t102-korcula
907,,,True,True,https://www.studenac.hr/trgovine/829/t907-korcula
124,,,True,False,https://www.studenac.hr/trgovine/68/t124-korcula
152,,,True,False,https://www.studenac.hr/trgovine/335/t152-korcula
047,,,True,False,https://www.studenac.hr/trgovine/343/t047-korcula
137,,,True,False,https://www.studenac.hr/trgovine/346/t137-korcula
136,,,True,True,https://www.studenac.hr/trgovine/347/t136-korcula
135,,,True,False,https://www.studenac.hr/trgovine/348/t135-korcula
1655,,,False,False,https://www.studenac.hr/trgovine/1492/t1655-korcula
202,,,True,False,https://www.studenac.hr/trgovine/235/t202-korcula
1749,,,True,False,https://www.studenac.hr/trgovine/1619/t1749-kotoriba
1054,,,True,False,https://www.studenac.hr/trgovine/1318/t1054-kozarice
683,,,False,False,https://www.studenac.hr/trgovine/648/t683-kozino
1228,,,True,False,https://www.studenac.hr/trgovine/1013/t1228-kraljevac
1409,,,False,False,https://www.studenac.hr/trgovine/1272/t1409-kraljevica
1652,,,True,False,https://www.studenac.hr/trgovine/1585/t1652-krapina
1395,,,True,False,https://www.studenac.hr/trgovine/1134/t1395-krapina
1357,,,True,True,https://www.studenac.hr/trgovine/1193/t1357-krapina
1362,,,True,True,https://www.studenac.hr/trgovine/1198/t1362-krapina
1380,,,True,False,https://www.studenac.hr/trgovine/1214/t1380-krapina
1382,,,True,True,https://www.studenac.hr/trgovine/1216/t1382-krapina
1392,,,False,False,https://www.studenac.hr/trgovine/1223/t1392-krapina
1393,,,True,False,https://www.studenac.hr/trgovine/1224/t1393-krapina
1353,,,True,False,https://www.studenac.hr/trgovine/1189/t1353-krapinske-toplice
1369,,,False,False,https://www.studenac.hr/trgovine/1205/t1369-krapinske-toplice
1178,,,True,False,https://www.studenac.hr/trgovine/1079/t1178-kriz
679,,,True,False,https://www.studenac.hr/trgovine/665/t679-kukljica
752,,,True,False,https://www.studenac.hr/trgovine/708/t752-kukljica
186,,,True,True,https://www.studenac.hr/trgovine/307/t186-kula-norinska
1607,,,True,True,https://www.studenac.hr/trgovine/1460/t1607-kula-norinska
069,,,True,False,https://www.studenac.hr/trgovine/190/t069-kula-norinska
070,,,True,False,https://www.studenac.hr/trgovine/191/t070-kula-norinska
429,,,True,False,https://www.studenac.hr/trgovine/7/t429-kuna
1539,,,True,False,https://www.studenac.hr/trgovine/1397/t1539-kupinec
1373,,,True,True,https://www.studenac.hr/trgovine/1113/t1373-kupljenovo
1032,,,False,True,https://www.studenac.hr/trgovine/1061/t1032-kutina
1020,,,True,True,https://www.studenac.hr/trgovine/1343/t1020-kutina
1012,,,True,False,https://www.studenac.hr/trgovine/876/t1012-kutina
1013,,,True,False,https://www.studenac.hr/trgovine/877/t1013-kutina
1014,,,True,False,https://www.studenac.hr/trgovine/878/t1014-kutina
1018,,,True,True,https://www.studenac.hr/trgovine/880/t1018-kutina
1021,,,True,False,https://www.studenac.hr/trgovine/882/t1021-kutina
1010,,,True,False,https://www.studenac.hr/trgovine/1143/t1010-kutina
1269,,,True,True,https://www.studenac.hr/trgovine/1041/t1269-kutnjak
422,,,True,True,https://www.studenac.hr/trgovine/10/t422-labin
727,,,True,False,https://www.studenac.hr/trgovine/654/t727-labin
561,,,False,False,https://www.studenac.hr/trgovine/431/t561-labin
1399,,,True,True,https://www.studenac.hr/trgovine/1274/t1399-ladimirevci
1237,,,True,False,https://www.studenac.hr/trgovine/1179/t1237-lasovac
366,,,True,True,https://www.studenac.hr/trgovine/69/t366-lastovo
008,,,False,False,https://www.studenac.hr/trgovine/229/t008-lastovo
211,,,True,True,https://www.studenac.hr/trgovine/251/t211-lastovo
1268,,,True,True,https://www.studenac.hr/trgovine/1040/t1268-legrad
1068,,,True,False,https://www.studenac.hr/trgovine/1147/t1068-lekenik
1067,,,True,True,https://www.studenac.hr/trgovine/912/t1067-lekenik
1152,,,True,False,https://www.studenac.hr/trgovine/1074/t1152-leprovica
922,,,True,True,https://www.studenac.hr/trgovine/827/t922-letovanic
952,,,True,False,https://www.studenac.hr/trgovine/1099/t952-licki-osik
1537,,,True,True,https://www.studenac.hr/trgovine/1399/t1537-lijevo-sredicko
1183,,,True,True,https://www.studenac.hr/trgovine/982/t1183-lipik
1185,,,True,False,https://www.studenac.hr/trgovine/983/t1185-lipik
381,,,True,False,https://www.studenac.hr/trgovine/37/t381-lisane-ostrovicke
606,,,True,False,https://www.studenac.hr/trgovine/564/t606-liznjan
607,,,True,False,https://www.studenac.hr/trgovine/567/t607-liznjan
795,,,True,False,https://www.studenac.hr/trgovine/752/t795-lokve
696,,,True,False,https://www.studenac.hr/trgovine/623/t696-lovinac
1565,,,False,False,https://www.studenac.hr/trgovine/1453/t1565-lozovac
1682,,,True,False,https://www.studenac.hr/trgovine/1538/t1682-lug-samoborski-bregana
1388,,,True,False,https://www.studenac.hr/trgovine/1114/t1388-luka
1530,,,True,False,https://www.studenac.hr/trgovine/1393/t1530-lukavec
1533,,,True,True,https://www.studenac.hr/trgovine/1396/t1533-lukavec
1578,,,True,False,https://www.studenac.hr/trgovine/1590/t1578-lukoran
763,,,False,False,https://www.studenac.hr/trgovine/698/t763-lukoran
769,,,False,False,https://www.studenac.hr/trgovine/701/t769-lukoran
072,,,True,False,https://www.studenac.hr/trgovine/193/t072-lumbarda
541,,,True,False,https://www.studenac.hr/trgovine/511/t541-lupoglav
1540,,,True,False,https://www.studenac.hr/trgovine/1461/t1540-luzan
1070,,,False,True,https://www.studenac.hr/trgovine/1148/t1070-madzari
060,,,False,False,https://www.studenac.hr/trgovine/6/t060-makarska
472,,,True,False,https://www.studenac.hr/trgovine/549/t472-makarska
895,,,True,False,https://www.studenac.hr/trgovine/825/t895-makarska
896,,,True,True,https://www.studenac.hr/trgovine/826/t896-makarska
122,,,False,False,https://www.studenac.hr/trgovine/355/t122-makarska
999,,,False,False,https://www.studenac.hr/trgovine/1262/t999-makarska
1204,,,True,True,https://www.studenac.hr/trgovine/996/t1204-mali-bukovec
1372,,,True,False,https://www.studenac.hr/trgovine/1208/t1372-mali-tabor
439,,,False,False,https://www.studenac.hr/trgovine/406/t439-malinska
725,,,True,False,https://www.studenac.hr/trgovine/669/t725-marcelji
1390,,,True,False,https://www.studenac.hr/trgovine/1221/t1390-marija-bistrica
367,,,True,True,https://www.studenac.hr/trgovine/72/t367-marina
302,,,True,False,https://www.studenac.hr/trgovine/134/t302-marina
286,,,True,False,https://www.studenac.hr/trgovine/143/t286-marina
032,,,True,False,https://www.studenac.hr/trgovine/162/t032-marina
1414,,,False,False,https://www.studenac.hr/trgovine/1271/t1414-marina-betina
1073,,,True,False,https://www.studenac.hr/trgovine/915/t1073-martinska-ves
780,,,True,False,https://www.studenac.hr/trgovine/737/t780-maslenica
1110,,,True,False,https://www.studenac.hr/trgovine/943/t1110-mecencani
1193,,,False,True,https://www.studenac.hr/trgovine/988/t1193-medari
892,,,False,False,https://www.studenac.hr/trgovine/813/t892-medulin
530,,,True,False,https://www.studenac.hr/trgovine/560/t530-medulin
610,,,False,False,https://www.studenac.hr/trgovine/673/t610-medulin
1640,,,False,False,https://www.studenac.hr/trgovine/1480/t1640-medulin
1240,,,True,True,https://www.studenac.hr/trgovine/1181/t1240-meuraca
1034,,,True,False,https://www.studenac.hr/trgovine/891/t1034-meuric
377,,,True,False,https://www.studenac.hr/trgovine/58/t377-metkovic
342,,,True,False,https://www.studenac.hr/trgovine/93/t342-metkovic
126,,,True,True,https://www.studenac.hr/trgovine/353/t126-metkovic
125,,,True,False,https://www.studenac.hr/trgovine/354/t125-metkovic
067,,,True,True,https://www.studenac.hr/trgovine/188/t067-metkovic
068,,,True,False,https://www.studenac.hr/trgovine/189/t068-metkovic
027,,,True,True,https://www.studenac.hr/trgovine/227/t027-metkovic
1532,,,True,True,https://www.studenac.hr/trgovine/1395/t1532-micevec
042,,,True,False,https://www.studenac.hr/trgovine/538/t042-milna
918,,,True,False,https://www.studenac.hr/trgovine/830/t918-mlini
919,,,True,False,https://www.studenac.hr/trgovine/1102/t919-mlini
845,,,True,False,https://www.studenac.hr/trgovine/866/t845-mocici
846,,,True,False,https://www.studenac.hr/trgovine/867/t846-mokosica
847,,,True,False,https://www.studenac.hr/trgovine/868/t847-mokosica
848,,,True,False,https://www.studenac.hr/trgovine/869/t848-mokosica
849,,,True,False,https://www.studenac.hr/trgovine/870/t849-mokosica
850,,,True,False,https://www.studenac.hr/trgovine/871/t850-mokosica
774,,,True,True,https://www.studenac.hr/trgovine/739/t774-mokosica
978,,,True,True,https://www.studenac.hr/trgovine/1253/t978-mokosica
691,,,False,False,https://www.studenac.hr/trgovine/666/t691-molat
1286,,,True,True,https://www.studenac.hr/trgovine/1056/t1286-molve
1277,,,False,False,https://www.studenac.hr/trgovine/1047/t1277-molve-grede
1589,,,True,False,https://www.studenac.hr/trgovine/1595/t1589-motovun
228,,,True,False,https://www.studenac.hr/trgovine/262/t228-muc
794,,,True,False,https://www.studenac.hr/trgovine/748/t794-muntic
903,,,False,False,https://www.studenac.hr/trgovine/809/t903-murter
039,,,True,False,https://www.studenac.hr/trgovine/226/t039-murter
1437,,,False,False,https://www.studenac.hr/trgovine/1297/t1437-narta
1231,,,True,True,https://www.studenac.hr/trgovine/1177/t1231-narta
538,,,True,False,https://www.studenac.hr/trgovine/508/t538-nedescina
961,,,True,False,https://www.studenac.hr/trgovine/1138/t961-neoric
278,,,False,False,https://www.studenac.hr/trgovine/388/t278-nerezisca
274,,,True,False,https://www.studenac.hr/trgovine/389/t274-nerezisca
277,,,False,False,https://www.studenac.hr/trgovine/147/t277-nerezisca
681,,,True,False,https://www.studenac.hr/trgovine/622/t681-nin
1574,,,False,False,https://www.studenac.hr/trgovine/1430/t1574-nin
220,,,True,False,https://www.studenac.hr/trgovine/244/t220-nin
773,,,True,False,https://www.studenac.hr/trgovine/761/t773-nin
1191,,,True,False,https://www.studenac.hr/trgovine/1169/t1191-nova-gradiska
1194,,,True,True,https://www.studenac.hr/trgovine/989/t1194-nova-gradiska
1450,,,True,False,https://www.studenac.hr/trgovine/1333/t1450-nova-raca
1025,,,True,False,https://www.studenac.hr/trgovine/885/t1025-nova-subocka
511,,,True,False,https://www.studenac.hr/trgovine/473/t511-nova-vas
1519,,,True,False,https://www.studenac.hr/trgovine/1443/t1519-novalja
715,,,False,True,https://www.studenac.hr/trgovine/687/t715-novalja
984,,,True,False,https://www.studenac.hr/trgovine/1259/t984-novalja
1423,,,True,True,https://www.studenac.hr/trgovine/1284/t1423-nove-plavnice
1493,,,True,False,https://www.studenac.hr/trgovine/1360/t1493-novi-marof
1448,,,True,False,https://www.studenac.hr/trgovine/1332/t1448-novi-skucani
452,,,True,False,https://www.studenac.hr/trgovine/528/t452-novi-vinodolski
1560,,,False,False,https://www.studenac.hr/trgovine/1455/t1560-novi-vinodolski
671,,,True,False,https://www.studenac.hr/trgovine/613/t671-novigrad
556,,,False,False,https://www.studenac.hr/trgovine/420/t556-novigrad
555,,,False,False,https://www.studenac.hr/trgovine/419/t555-novigrad-cittanova
560,,,False,False,https://www.studenac.hr/trgovine/428/t560-novigrad-cittanova
537,,,True,False,https://www.studenac.hr/trgovine/504/t537-novigrad-cittanova
1282,,,True,False,https://www.studenac.hr/trgovine/1052/t1282-novigrad-podravski
1082,,,True,False,https://www.studenac.hr/trgovine/920/t1082-novo-selo-palanjecko
1279,,,True,False,https://www.studenac.hr/trgovine/1049/t1279-novo-virje
1053,,,True,False,https://www.studenac.hr/trgovine/1063/t1053-novoselec
1453,,,True,False,https://www.studenac.hr/trgovine/1334/t1453-novoseljani
909,,,True,True,https://www.studenac.hr/trgovine/821/t909-novska
1022,,,True,False,https://www.studenac.hr/trgovine/1344/t1022-novska
1023,,,True,False,https://www.studenac.hr/trgovine/883/t1023-novska
1024,,,True,True,https://www.studenac.hr/trgovine/884/t1024-novska
1026,,,True,False,https://www.studenac.hr/trgovine/886/t1026-novska
1027,,,True,False,https://www.studenac.hr/trgovine/887/t1027-novska
1333,,,False,False,https://www.studenac.hr/trgovine/1257/t1333-njivice
1176,,,True,False,https://www.studenac.hr/trgovine/978/t1176-oborovo
1144,,,True,True,https://www.studenac.hr/trgovine/962/t1144-odra
923,,,True,False,https://www.studenac.hr/trgovine/1371/t923-ogulin
1580,,,True,True,https://www.studenac.hr/trgovine/1450/t1580-ogulin
1041,,,True,False,https://www.studenac.hr/trgovine/1311/t1041-okoli
040,,,True,False,https://www.studenac.hr/trgovine/286/t040-okrug
159,,,True,False,https://www.studenac.hr/trgovine/330/t159-okrug
304,,,True,False,https://www.studenac.hr/trgovine/130/t304-okrug
1189,,,True,False,https://www.studenac.hr/trgovine/1168/t1189-okucani
1187,,,True,True,https://www.studenac.hr/trgovine/985/t1187-okucani
1188,,,False,True,https://www.studenac.hr/trgovine/986/t1188-okucani
074,,,True,True,https://www.studenac.hr/trgovine/258/t074-omis
419,,,True,False,https://www.studenac.hr/trgovine/14/t419-omis
237,,,True,False,https://www.studenac.hr/trgovine/270/t237-omis
238,,,True,False,https://www.studenac.hr/trgovine/271/t238-omis
478,,,True,False,https://www.studenac.hr/trgovine/555/t478-omis
185,,,True,False,https://www.studenac.hr/trgovine/308/t185-omis
156,,,True,False,https://www.studenac.hr/trgovine/332/t156-omis
359,,,True,False,https://www.studenac.hr/trgovine/77/t359-omis
142,,,True,False,https://www.studenac.hr/trgovine/122/t142-omis
273,,,True,False,https://www.studenac.hr/trgovine/386/t273-omis
005,,,True,True,https://www.studenac.hr/trgovine/149/t005-omis
016,,,True,True,https://www.studenac.hr/trgovine/153/t016-omis
041,,,True,False,https://www.studenac.hr/trgovine/167/t041-omis
100,,,True,False,https://www.studenac.hr/trgovine/201/t100-omis
144,,,True,False,https://www.studenac.hr/trgovine/216/t144-omis
200,,,True,False,https://www.studenac.hr/trgovine/218/t200-omis
778,,,True,False,https://www.studenac.hr/trgovine/731/t778-omis
075,,,True,False,https://www.studenac.hr/trgovine/221/t075-omis
212,,,True,False,https://www.studenac.hr/trgovine/252/t212-omis
213,,,True,False,https://www.studenac.hr/trgovine/253/t213-omis
443,,,True,False,https://www.studenac.hr/trgovine/411/t443-opatija
371,,,True,True,https://www.studenac.hr/trgovine/61/t371-opuzen
066,,,True,False,https://www.studenac.hr/trgovine/187/t066-opuzen
1550,,,True,False,https://www.studenac.hr/trgovine/1513/t1550-orasac
231,,,True,False,https://www.studenac.hr/trgovine/264/t231-orebic
387,,,True,False,https://www.studenac.hr/trgovine/31/t387-orebic
263,,,True,False,https://www.studenac.hr/trgovine/377/t263-orebic
076,,,True,False,https://www.studenac.hr/trgovine/195/t076-orebic
210,,,True,True,https://www.studenac.hr/trgovine/250/t210-orebic
1182,,,True,False,https://www.studenac.hr/trgovine/981/t1182-orle
1044,,,True,True,https://www.studenac.hr/trgovine/897/t1044-osekovo
1721,,,True,False,https://www.studenac.hr/trgovine/1579/t1721-osijek
1484,,,True,True,https://www.studenac.hr/trgovine/1367/t1484-osijek
1496,,,True,False,https://www.studenac.hr/trgovine/1370/t1496-osijek
1544,,,True,False,https://www.studenac.hr/trgovine/1415/t1544-osijek
1571,,,True,True,https://www.studenac.hr/trgovine/1452/t1571-osijek
1459,,,True,False,https://www.studenac.hr/trgovine/1230/t1459-osijek
1647,,,True,True,https://www.studenac.hr/trgovine/1489/t1647-josipovac
1696,,,True,False,https://www.studenac.hr/trgovine/1505/t1696-osijek
1704,,,True,False,https://www.studenac.hr/trgovine/1531/t1704-osijek
949,,,True,False,https://www.studenac.hr/trgovine/1103/t949-otocac
333,,,True,False,https://www.studenac.hr/trgovine/105/t333-otok
093,,,True,False,https://www.studenac.hr/trgovine/368/t093-otok
088,,,True,False,https://www.studenac.hr/trgovine/206/t088-otok
943,,,True,True,https://www.studenac.hr/trgovine/1260/t943-otok
971,,,True,False,https://www.studenac.hr/trgovine/1340/t971-pag
717,,,False,True,https://www.studenac.hr/trgovine/688/t717-pag
385,,,True,False,https://www.studenac.hr/trgovine/5/t385-pakostane
344,,,True,False,https://www.studenac.hr/trgovine/91/t344-pakostane
710,,,True,False,https://www.studenac.hr/trgovine/606/t710-pakostane
294,,,True,True,https://www.studenac.hr/trgovine/125/t294-pakostane
284,,,True,False,https://www.studenac.hr/trgovine/145/t284-pakostane
744,,,False,False,https://www.studenac.hr/trgovine/691/t744-pakostane
1242,,,True,True,https://www.studenac.hr/trgovine/1019/t1242-palesnik
661,,,True,True,https://www.studenac.hr/trgovine/594/t661-paljuv
765,,,True,False,https://www.studenac.hr/trgovine/703/t765-pasman
767,,,False,False,https://www.studenac.hr/trgovine/707/t767-pasman
766,,,False,False,https://www.studenac.hr/trgovine/711/t766-pasman
1177,,,True,False,https://www.studenac.hr/trgovine/1165/t1177-paukovec
468,,,False,False,https://www.studenac.hr/trgovine/533/t468-pazin
524,,,True,False,https://www.studenac.hr/trgovine/489/t524-pazin
526,,,True,False,https://www.studenac.hr/trgovine/491/t526-pazin
527,,,False,False,https://www.studenac.hr/trgovine/492/t527-pazin
528,,,True,False,https://www.studenac.hr/trgovine/493/t528-pazin
529,,,True,True,https://www.studenac.hr/trgovine/494/t529-pazin
1535,,,True,True,https://www.studenac.hr/trgovine/1406/t1535-perusic
1283,,,True,True,https://www.studenac.hr/trgovine/1053/t1283-peteranec
1060,,,True,True,https://www.studenac.hr/trgovine/1314/t1060-petrinja
1062,,,True,False,https://www.studenac.hr/trgovine/1064/t1062-petrinja
1061,,,True,False,https://www.studenac.hr/trgovine/1325/t1061-petrinja
1056,,,True,True,https://www.studenac.hr/trgovine/905/t1056-petrinja
1057,,,True,False,https://www.studenac.hr/trgovine/906/t1057-petrinja
1058,,,True,False,https://www.studenac.hr/trgovine/907/t1058-petrinja
1602,,,True,False,https://www.studenac.hr/trgovine/1462/t1602-petrinja
1069,,,True,False,https://www.studenac.hr/trgovine/913/t1069-petrovec
1391,,,False,False,https://www.studenac.hr/trgovine/1222/t1391-petrovsko
1031,,,True,False,https://www.studenac.hr/trgovine/1312/t1031-piljenice
190,,,True,False,https://www.studenac.hr/trgovine/303/t190-pirovac
191,,,True,False,https://www.studenac.hr/trgovine/304/t191-pirovac
189,,,True,True,https://www.studenac.hr/trgovine/305/t189-pirovac
187,,,False,False,https://www.studenac.hr/trgovine/306/t187-pirovac
1729,,,True,True,https://www.studenac.hr/trgovine/1608/t1729-pisarovina
1538,,,True,False,https://www.studenac.hr/trgovine/1400/t1538-pisarovina
602,,,False,False,https://www.studenac.hr/trgovine/582/t602-pjescana-uvala
1564,,,True,True,https://www.studenac.hr/trgovine/1423/t1564-plano
929,,,True,False,https://www.studenac.hr/trgovine/1123/t929-plaski
935,,,False,False,https://www.studenac.hr/trgovine/837/t935-pleternica
177,,,True,True,https://www.studenac.hr/trgovine/313/t177-ploce
171,,,False,False,https://www.studenac.hr/trgovine/320/t171-ploce
127,,,True,True,https://www.studenac.hr/trgovine/65/t127-ploce
170,,,True,False,https://www.studenac.hr/trgovine/321/t170-ploce
163,,,True,False,https://www.studenac.hr/trgovine/328/t163-ploce
161,,,True,False,https://www.studenac.hr/trgovine/329/t161-ploce
082,,,True,False,https://www.studenac.hr/trgovine/200/t082-ploce
901,,,True,False,https://www.studenac.hr/trgovine/839/t901-plovanija
233,,,True,False,https://www.studenac.hr/trgovine/266/t233-podbablje
239,,,True,True,https://www.studenac.hr/trgovine/272/t239-podbablje
390,,,True,False,https://www.studenac.hr/trgovine/53/t390-podbablje
391,,,True,False,https://www.studenac.hr/trgovine/54/t391-podbablje
395,,,False,False,https://www.studenac.hr/trgovine/48/t395-podgora
322,,,False,False,https://www.studenac.hr/trgovine/64/t322-podgora
031,,,True,True,https://www.studenac.hr/trgovine/164/t031-podgora
062,,,True,False,https://www.studenac.hr/trgovine/182/t062-podgora
063,,,True,False,https://www.studenac.hr/trgovine/183/t063-podgora
1227,,,True,False,https://www.studenac.hr/trgovine/1320/t1227-podgorci
689,,,True,False,https://www.studenac.hr/trgovine/598/t689-podgradina
1280,,,False,False,https://www.studenac.hr/trgovine/1050/t1280-podravske-sesvete
871,,,True,False,https://www.studenac.hr/trgovine/785/t871-podstrana
254,,,True,False,https://www.studenac.hr/trgovine/285/t254-podstrana
899,,,True,False,https://www.studenac.hr/trgovine/808/t899-podstrana
982,,,True,False,https://www.studenac.hr/trgovine/1109/t982-podstrana
1345,,,True,False,https://www.studenac.hr/trgovine/1385/t1345-podstrana
141,,,False,False,https://www.studenac.hr/trgovine/396/t141-podstrana
287,,,True,False,https://www.studenac.hr/trgovine/141/t287-podstrana
236,,,True,False,https://www.studenac.hr/trgovine/269/t236-pojezerje
293,,,True,False,https://www.studenac.hr/trgovine/102/t293-polaca
753,,,True,False,https://www.studenac.hr/trgovine/717/t753-polaca
227,,,True,True,https://www.studenac.hr/trgovine/261/t227-polace
632,,,True,False,https://www.studenac.hr/trgovine/587/t632-policnik
654,,,True,True,https://www.studenac.hr/trgovine/649/t654-policnik
761,,,False,False,https://www.studenac.hr/trgovine/702/t761-poljana
417,,,False,False,https://www.studenac.hr/trgovine/23/t417-pomena
1042,,,True,False,https://www.studenac.hr/trgovine/1144/t1042-popovaca
1167,,,True,False,https://www.studenac.hr/trgovine/1162/t1167-popovec
868,,,False,False,https://www.studenac.hr/trgovine/784/t868-porec
1408,,,True,True,https://www.studenac.hr/trgovine/1184/t1408-porec
483,,,True,False,https://www.studenac.hr/trgovine/546/t483-porec-parenzo
612,,,False,False,https://www.studenac.hr/trgovine/572/t612-porec-parenzo
627,,,False,False,https://www.studenac.hr/trgovine/580/t627-porec-parenzo
625,,,True,False,https://www.studenac.hr/trgovine/583/t625-porec-parenzo
737,,,True,False,https://www.studenac.hr/trgovine/728/t737-porec-parenzo
553,,,False,False,https://www.studenac.hr/trgovine/417/t553-porec-parenzo
554,,,False,False,https://www.studenac.hr/trgovine/418/t554-porec-parenzo
485,,,True,False,https://www.studenac.hr/trgovine/422/t485-porec-parenzo
492,,,True,True,https://www.studenac.hr/trgovine/439/t492-porec-parenzo
508,,,True,False,https://www.studenac.hr/trgovine/460/t508-porec-parenzo
518,,,True,False,https://www.studenac.hr/trgovine/483/t518-porec-parenzo
1052,,,True,True,https://www.studenac.hr/trgovine/1145/t1052-posavski-bregi
667,,,True,False,https://www.studenac.hr/trgovine/641/t667-posedarje
043,,,False,False,https://www.studenac.hr/trgovine/169/t043-postira
044,,,True,False,https://www.studenac.hr/trgovine/184/t044-postira
1046,,,True,True,https://www.studenac.hr/trgovine/899/t1046-potok
466,,,True,True,https://www.studenac.hr/trgovine/531/t466-potpican
469,,,True,False,https://www.studenac.hr/trgovine/534/t469-potpican
916,,,True,False,https://www.studenac.hr/trgovine/820/t916-povile
716,,,False,True,https://www.studenac.hr/trgovine/722/t716-povljana
955,,,True,False,https://www.studenac.hr/trgovine/1266/t955-povljana
1716,,,True,True,https://www.studenac.hr/trgovine/1575/t1716-poznanovec
1728,,,True,False,https://www.studenac.hr/trgovine/1603/t1728-pozega
1510,,,True,True,https://www.studenac.hr/trgovine/1387/t1510-pozega
799,,,True,False,https://www.studenac.hr/trgovine/1121/t799-prapatnica
1233,,,True,False,https://www.studenac.hr/trgovine/1016/t1233-predavac
1351,,,True,False,https://www.studenac.hr/trgovine/1187/t1351-pregrada
1364,,,True,False,https://www.studenac.hr/trgovine/1200/t1364-pregrada
1375,,,False,True,https://www.studenac.hr/trgovine/1249/t1375-pregrada
662,,,True,False,https://www.studenac.hr/trgovine/601/t662-preko
663,,,True,False,https://www.studenac.hr/trgovine/629/t663-preko
1186,,,True,False,https://www.studenac.hr/trgovine/984/t1186-prekopakra
1596,,,True,False,https://www.studenac.hr/trgovine/1571/t1596-premantura
1446,,,True,False,https://www.studenac.hr/trgovine/1349/t1446-prespa
1208,,,True,True,https://www.studenac.hr/trgovine/997/t1208-prgomelje
1232,,,True,False,https://www.studenac.hr/trgovine/1015/t1232-prgomelje
1397,,,True,False,https://www.studenac.hr/trgovine/1227/t1397-pribislavec
643,,,True,False,https://www.studenac.hr/trgovine/608/t643-pridraga
792,,,True,True,https://www.studenac.hr/trgovine/747/t792-pridvorje
1561,,,True,False,https://www.studenac.hr/trgovine/1615/t1561-prigorje-brdovecko
232,,,True,False,https://www.studenac.hr/trgovine/265/t232-primorski-dolac
328,,,False,False,https://www.studenac.hr/trgovine/112/t328-primorski-dolac
167,,,False,False,https://www.studenac.hr/trgovine/326/t167-primosten
345,,,True,False,https://www.studenac.hr/trgovine/90/t345-primosten
024,,,True,False,https://www.studenac.hr/trgovine/157/t024-primosten
197,,,True,False,https://www.studenac.hr/trgovine/213/t197-primosten
660,,,True,True,https://www.studenac.hr/trgovine/656/t660-privlaka
981,,,False,False,https://www.studenac.hr/trgovine/1183/t981-privlaka
721,,,False,False,https://www.studenac.hr/trgovine/690/t721-privlaka-sabunike
1406,,,False,False,https://www.studenac.hr/trgovine/1275/t1406-prizna
393,,,True,True,https://www.studenac.hr/trgovine/51/t393-prolozac
394,,,True,False,https://www.studenac.hr/trgovine/52/t394-prolozac
299,,,True,False,https://www.studenac.hr/trgovine/135/t299-promina
966,,,True,False,https://www.studenac.hr/trgovine/1242/t966-prugovo
996,,,True,False,https://www.studenac.hr/trgovine/1368/t996-pucisca
128,,,True,False,https://www.studenac.hr/trgovine/351/t128-pucisca
267,,,True,False,https://www.studenac.hr/trgovine/378/t267-pucisca
809,,,True,False,https://www.studenac.hr/trgovine/763/t809-pucisca
880,,,False,False,https://www.studenac.hr/trgovine/788/t880-pula
881,,,True,True,https://www.studenac.hr/trgovine/789/t881-pula
1583,,,True,True,https://www.studenac.hr/trgovine/1558/t1583-pula
883,,,True,False,https://www.studenac.hr/trgovine/791/t883-pula
884,,,True,False,https://www.studenac.hr/trgovine/792/t884-pula
885,,,True,False,https://www.studenac.hr/trgovine/793/t885-pula
888,,,True,False,https://www.studenac.hr/trgovine/796/t888-pula
889,,,True,False,https://www.studenac.hr/trgovine/797/t889-pula
890,,,True,True,https://www.studenac.hr/trgovine/798/t890-pula
891,,,True,False,https://www.studenac.hr/trgovine/799/t891-pula
1593,,,True,False,https://www.studenac.hr/trgovine/1568/t1593-pula
1594,,,True,False,https://www.studenac.hr/trgovine/1569/t1594-pula
1595,,,True,True,https://www.studenac.hr/trgovine/1593/t1595-pula
1586,,,True,False,https://www.studenac.hr/trgovine/1597/t1586-pula
1585,,,True,False,https://www.studenac.hr/trgovine/1598/t1585-pula
1583,,,True,True,https://www.studenac.hr/trgovine/1599/t1583-pula
872,,,True,True,https://www.studenac.hr/trgovine/1093/t872-pula
435,,,True,False,https://www.studenac.hr/trgovine/2/t435-pula-pola
548,,,True,False,https://www.studenac.hr/trgovine/519/t548-pula-pola
552,,,False,False,https://www.studenac.hr/trgovine/524/t552-pula-pola
426,,,True,False,https://www.studenac.hr/trgovine/13/t426-pula-pola
605,,,True,True,https://www.studenac.hr/trgovine/563/t605-pula-pola
609,,,True,False,https://www.studenac.hr/trgovine/565/t609-pula-pola
619,,,True,True,https://www.studenac.hr/trgovine/584/t619-pula-pola
631,,,True,False,https://www.studenac.hr/trgovine/585/t631-pula-pola
487,,,True,False,https://www.studenac.hr/trgovine/424/t487-pula-pola
580,,,False,False,https://www.studenac.hr/trgovine/453/t580-pula-pola
493,,,True,False,https://www.studenac.hr/trgovine/455/t493-pula-pola
494,,,True,False,https://www.studenac.hr/trgovine/456/t494-pula-pola
495,,,True,False,https://www.studenac.hr/trgovine/457/t495-pula-pola
513,,,True,False,https://www.studenac.hr/trgovine/477/t513-pula-pola
520,,,True,False,https://www.studenac.hr/trgovine/485/t520-pula-pola
521,,,True,True,https://www.studenac.hr/trgovine/486/t521-pula-pola
814,,,True,False,https://www.studenac.hr/trgovine/771/t814-rab
813,,,True,False,https://www.studenac.hr/trgovine/773/t813-rab
815,,,False,False,https://www.studenac.hr/trgovine/800/t815-rab
816,,,True,True,https://www.studenac.hr/trgovine/804/t816-rab
811,,,True,True,https://www.studenac.hr/trgovine/764/t811-rab
812,,,True,False,https://www.studenac.hr/trgovine/767/t812-rab
470,,,True,False,https://www.studenac.hr/trgovine/535/t470-rabac
1337,,,False,False,https://www.studenac.hr/trgovine/1258/t1337-rabac
728,,,True,False,https://www.studenac.hr/trgovine/655/t728-racisce
1386,,,True,True,https://www.studenac.hr/trgovine/1218/t1386-radoboj
1389,,,True,False,https://www.studenac.hr/trgovine/1220/t1389-radoboj
1047,,,True,False,https://www.studenac.hr/trgovine/900/t1047-rajic
858,,,True,False,https://www.studenac.hr/trgovine/777/t858-rakovica
859,,,True,False,https://www.studenac.hr/trgovine/778/t859-rakovica
1273,,,False,False,https://www.studenac.hr/trgovine/1045/t1273-rasinja
790,,,True,False,https://www.studenac.hr/trgovine/744/t790-rasa
771,,,True,False,https://www.studenac.hr/trgovine/713/t771-rastevic
690,,,False,False,https://www.studenac.hr/trgovine/650/t690-rava
644,,,True,False,https://www.studenac.hr/trgovine/590/t644-razanac
673,,,True,True,https://www.studenac.hr/trgovine/628/t673-razanac
416,,,True,False,https://www.studenac.hr/trgovine/21/t416-razanj
1541,,,True,False,https://www.studenac.hr/trgovine/1408/t1541-reka
1276,,,False,True,https://www.studenac.hr/trgovine/1248/t1276-repas
1015,,,True,True,https://www.studenac.hr/trgovine/1324/t1015-repusnica
1198,,,True,False,https://www.studenac.hr/trgovine/991/t1198-resetari
1567,,,True,True,https://www.studenac.hr/trgovine/1438/t1567-rezovac
549,,,True,False,https://www.studenac.hr/trgovine/521/t549-rijeka
450,,,True,True,https://www.studenac.hr/trgovine/536/t450-rijeka
462,,,True,True,https://www.studenac.hr/trgovine/541/t462-rijeka
800,,,True,False,https://www.studenac.hr/trgovine/805/t800-rijeka
463,,,True,False,https://www.studenac.hr/trgovine/550/t463-rijeka
474,,,True,False,https://www.studenac.hr/trgovine/558/t474-rijeka
611,,,True,True,https://www.studenac.hr/trgovine/566/t611-rijeka
906,,,True,False,https://www.studenac.hr/trgovine/822/t906-rijeka
616,,,True,False,https://www.studenac.hr/trgovine/569/t616-rijeka
942,,,True,False,https://www.studenac.hr/trgovine/1091/t942-rijeka
1745,,,True,True,https://www.studenac.hr/trgovine/1614/t1745-rijeka
977,,,True,False,https://www.studenac.hr/trgovine/1106/t977-rijeka
946,,,True,True,https://www.studenac.hr/trgovine/1129/t946-rijeka
432,,,True,False,https://www.studenac.hr/trgovine/400/t432-rijeka
729,,,True,False,https://www.studenac.hr/trgovine/670/t729-rijeka
735,,,False,False,https://www.studenac.hr/trgovine/682/t735-rijeka
741,,,True,True,https://www.studenac.hr/trgovine/686/t741-rijeka
1624,,,True,True,https://www.studenac.hr/trgovine/1464/t1624-rijeka
1649,,,True,False,https://www.studenac.hr/trgovine/1502/t1649-rijeka
519,,,False,False,https://www.studenac.hr/trgovine/484/t519-rijeka
801,,,True,False,https://www.studenac.hr/trgovine/756/t801-rijeka
810,,,True,True,https://www.studenac.hr/trgovine/766/t810-rijeka
179,,,True,True,https://www.studenac.hr/trgovine/312/t179-rogoznica
022,,,True,False,https://www.studenac.hr/trgovine/154/t022-rogoznica
019,,,True,False,https://www.studenac.hr/trgovine/155/t019-rogoznica
037,,,True,False,https://www.studenac.hr/trgovine/165/t037-rogoznica
034,,,True,False,https://www.studenac.hr/trgovine/223/t034-rogoznica
1222,,,True,True,https://www.studenac.hr/trgovine/1009/t1222-rogoza
670,,,True,False,https://www.studenac.hr/trgovine/643/t670-rovanjska
1339,,,False,False,https://www.studenac.hr/trgovine/1346/t1339-rovinj
620,,,True,False,https://www.studenac.hr/trgovine/575/t620-rovinj-rovigno
522,,,True,False,https://www.studenac.hr/trgovine/487/t522-rovinj-rovigno
532,,,True,True,https://www.studenac.hr/trgovine/497/t532-rovinj-rovigno
533,,,True,False,https://www.studenac.hr/trgovine/498/t533-rovinj-rovigno
534,,,True,False,https://www.studenac.hr/trgovine/499/t534-rovinj-rovigno
1434,,,True,False,https://www.studenac.hr/trgovine/1282/t1434-rovisce
1428,,,True,True,https://www.studenac.hr/trgovine/1286/t1428-rovisce
709,,,False,False,https://www.studenac.hr/trgovine/591/t709-rtina
956,,,True,False,https://www.studenac.hr/trgovine/1226/t956-rtina
374,,,True,False,https://www.studenac.hr/trgovine/60/t374-runovici
1733,,,True,False,https://www.studenac.hr/trgovine/1605/t1733-runovici
1609,,,True,False,https://www.studenac.hr/trgovine/1451/t1609-saborsko
930,,,True,False,https://www.studenac.hr/trgovine/834/t930-samobor
362,,,True,False,https://www.studenac.hr/trgovine/75/t362-saplunara
910,,,False,False,https://www.studenac.hr/trgovine/1239/t910-savudrija
579,,,False,False,https://www.studenac.hr/trgovine/452/t579-savudrija-salvore
215,,,True,False,https://www.studenac.hr/trgovine/255/t215-seget-donji
229,,,True,False,https://www.studenac.hr/trgovine/263/t229-seget-vranjica
1074,,,True,False,https://www.studenac.hr/trgovine/1067/t1074-sela
475,,,False,False,https://www.studenac.hr/trgovine/571/t475-selca
155,,,True,False,https://www.studenac.hr/trgovine/334/t155-selca
1487,,,False,False,https://www.studenac.hr/trgovine/1481/t1487-povlja
221,,,True,True,https://www.studenac.hr/trgovine/245/t221-selca
1338,,,False,False,https://www.studenac.hr/trgovine/1261/t1338-selce
861,,,True,False,https://www.studenac.hr/trgovine/780/t861-seliste-dreznicko
1270,,,False,False,https://www.studenac.hr/trgovine/1042/t1270-selnica-podravska
479,,,True,False,https://www.studenac.hr/trgovine/554/t479-senj
1717,,,True,False,https://www.studenac.hr/trgovine/1537/t1717-sesvete
1164,,,True,False,https://www.studenac.hr/trgovine/1307/t1164-sesvete
876,,,True,True,https://www.studenac.hr/trgovine/811/t876-sesvete
1723,,,True,True,https://www.studenac.hr/trgovine/1582/t1723-sesvete
1703,,,True,True,https://www.studenac.hr/trgovine/1586/t1703-sesvete
1742,,,True,False,https://www.studenac.hr/trgovine/1611/t1742-sesvete
1149,,,True,False,https://www.studenac.hr/trgovine/1156/t1149-sesvete
1166,,,True,True,https://www.studenac.hr/trgovine/1161/t1166-sesvete
1160,,,True,True,https://www.studenac.hr/trgovine/971/t1160-sesvete
1161,,,True,False,https://www.studenac.hr/trgovine/972/t1161-sesvete
1411,,,True,True,https://www.studenac.hr/trgovine/1236/t1411-sesvete
1697,,,True,False,https://www.studenac.hr/trgovine/1506/t1697-sesvete
1447,,,True,False,https://www.studenac.hr/trgovine/1331/t1447-severin
1454,,,True,True,https://www.studenac.hr/trgovine/1359/t1454-severin
1252,,,True,False,https://www.studenac.hr/trgovine/1028/t1252-sigetec
677,,,True,False,https://www.studenac.hr/trgovine/652/t677-silba
720,,,False,False,https://www.studenac.hr/trgovine/689/t720-silba
139,,,True,True,https://www.studenac.hr/trgovine/259/t139-sinj
234,,,True,False,https://www.studenac.hr/trgovine/267/t234-sinj
409,,,True,True,https://www.studenac.hr/trgovine/30/t409-sinj
107,,,True,True,https://www.studenac.hr/trgovine/288/t107-sinj
399,,,True,False,https://www.studenac.hr/trgovine/39/t399-sinj
094,,,True,True,https://www.studenac.hr/trgovine/301/t094-sinj
1738,,,True,False,https://www.studenac.hr/trgovine/1589/t1738-sinj
358,,,True,False,https://www.studenac.hr/trgovine/57/t358-sinj
932,,,True,False,https://www.studenac.hr/trgovine/1094/t932-sinj
329,,,True,False,https://www.studenac.hr/trgovine/110/t329-sinj
098,,,True,True,https://www.studenac.hr/trgovine/366/t098-sinj
095,,,True,False,https://www.studenac.hr/trgovine/367/t095-sinj
260,,,True,False,https://www.studenac.hr/trgovine/371/t260-sinj
318,,,True,False,https://www.studenac.hr/trgovine/118/t318-sinj
311,,,True,True,https://www.studenac.hr/trgovine/123/t311-sinj
305,,,True,True,https://www.studenac.hr/trgovine/131/t305-sinj
085,,,True,False,https://www.studenac.hr/trgovine/203/t085-sinj
087,,,True,False,https://www.studenac.hr/trgovine/205/t087-sinj
1266,,,False,True,https://www.studenac.hr/trgovine/1038/t1266-sirova-katalena
1080,,,True,False,https://www.studenac.hr/trgovine/1068/t1080-sisak
1078,,,True,True,https://www.studenac.hr/trgovine/1149/t1078-sisak
1079,,,True,False,https://www.studenac.hr/trgovine/918/t1079-sisak
1081,,,True,False,https://www.studenac.hr/trgovine/919/t1081-sisak
1084,,,True,False,https://www.studenac.hr/trgovine/922/t1084-sisak
1085,,,True,False,https://www.studenac.hr/trgovine/923/t1085-sisak
1086,,,True,True,https://www.studenac.hr/trgovine/924/t1086-sisak
1087,,,True,False,https://www.studenac.hr/trgovine/925/t1087-sisak
1088,,,True,False,https://www.studenac.hr/trgovine/926/t1088-sisak
289,,,False,False,https://www.studenac.hr/trgovine/142/t289-skradin
158,,,True,False,https://www.studenac.hr/trgovine/215/t158-skradin
852,,,False,False,https://www.studenac.hr/trgovine/1335/t852-slano
851,,,True,False,https://www.studenac.hr/trgovine/872/t851-slano
1737,,,True,False,https://www.studenac.hr/trgovine/1607/t1737-slatina
1727,,,True,False,https://www.studenac.hr/trgovine/1601/t1727-slavonski-brod
1706,,,True,True,https://www.studenac.hr/trgovine/1503/t1706-slavonski-brod
698,,,True,False,https://www.studenac.hr/trgovine/627/t698-slivnica
856,,,True,False,https://www.studenac.hr/trgovine/775/t856-slunj
857,,,True,False,https://www.studenac.hr/trgovine/776/t857-slunj
862,,,True,True,https://www.studenac.hr/trgovine/781/t862-slunj
864,,,True,False,https://www.studenac.hr/trgovine/783/t864-slunj
682,,,True,False,https://www.studenac.hr/trgovine/607/t682-smilcic
134,,,True,False,https://www.studenac.hr/trgovine/349/t134-smokvica
945,,,True,True,https://www.studenac.hr/trgovine/1128/t945-smokvica
1195,,,True,False,https://www.studenac.hr/trgovine/1170/t1195-smrtic
368,,,False,False,https://www.studenac.hr/trgovine/70/t368-sobra
1546,,,True,True,https://www.studenac.hr/trgovine/1448/t1546-sokolovac
458,,,True,False,https://www.studenac.hr/trgovine/556/t458-solin
372,,,True,False,https://www.studenac.hr/trgovine/62/t372-solin
259,,,True,False,https://www.studenac.hr/trgovine/370/t259-solin
264,,,True,False,https://www.studenac.hr/trgovine/376/t264-solin
1486,,,True,False,https://www.studenac.hr/trgovine/1420/t1486-solin
219,,,True,False,https://www.studenac.hr/trgovine/243/t219-solin
701,,,False,False,https://www.studenac.hr/trgovine/667/t701-soline
751,,,False,False,https://www.studenac.hr/trgovine/696/t751-soline
1168,,,True,True,https://www.studenac.hr/trgovine/973/t1168-sop
865,,,True,False,https://www.studenac.hr/trgovine/769/t865-split
449,,,True,False,https://www.studenac.hr/trgovine/526/t449-split
012,,,True,False,https://www.studenac.hr/trgovine/16/t012-split
241,,,True,False,https://www.studenac.hr/trgovine/274/t241-split
243,,,True,False,https://www.studenac.hr/trgovine/275/t243-split
245,,,True,False,https://www.studenac.hr/trgovine/276/t245-split
247,,,True,False,https://www.studenac.hr/trgovine/277/t247-split
249,,,True,False,https://www.studenac.hr/trgovine/278/t249-split
011,,,True,False,https://www.studenac.hr/trgovine/279/t011-split
250,,,True,False,https://www.studenac.hr/trgovine/280/t250-split
251,,,True,True,https://www.studenac.hr/trgovine/281/t251-split
401,,,True,True,https://www.studenac.hr/trgovine/27/t401-split
408,,,True,False,https://www.studenac.hr/trgovine/29/t408-split
406,,,True,True,https://www.studenac.hr/trgovine/33/t406-split
403,,,True,False,https://www.studenac.hr/trgovine/36/t403-split
380,,,True,False,https://www.studenac.hr/trgovine/47/t380-split
376,,,True,False,https://www.studenac.hr/trgovine/55/t376-split
378,,,True,False,https://www.studenac.hr/trgovine/56/t378-split
613,,,True,False,https://www.studenac.hr/trgovine/570/t613-split
175,,,True,False,https://www.studenac.hr/trgovine/316/t175-split
174,,,True,False,https://www.studenac.hr/trgovine/317/t174-split
621,,,True,False,https://www.studenac.hr/trgovine/574/t621-split
165,,,True,False,https://www.studenac.hr/trgovine/324/t165-split
361,,,True,False,https://www.studenac.hr/trgovine/76/t361-split
808,,,True,False,https://www.studenac.hr/trgovine/1101/t808-split
482,,,True,False,https://www.studenac.hr/trgovine/1616/t482-split
354,,,True,False,https://www.studenac.hr/trgovine/82/t354-split
341,,,True,False,https://www.studenac.hr/trgovine/94/t341-split
941,,,True,False,https://www.studenac.hr/trgovine/1120/t941-split
337,,,True,False,https://www.studenac.hr/trgovine/98/t337-split
936,,,True,False,https://www.studenac.hr/trgovine/1125/t936-split
1518,,,True,False,https://www.studenac.hr/trgovine/1386/t1518-split
958,,,True,True,https://www.studenac.hr/trgovine/1135/t958-split
325,,,True,False,https://www.studenac.hr/trgovine/114/t325-split
303,,,True,False,https://www.studenac.hr/trgovine/115/t303-split
300,,,True,True,https://www.studenac.hr/trgovine/119/t300-split
270,,,False,True,https://www.studenac.hr/trgovine/382/t270-split
265,,,True,False,https://www.studenac.hr/trgovine/383/t265-split
306,,,True,False,https://www.studenac.hr/trgovine/129/t306-split
290,,,True,False,https://www.studenac.hr/trgovine/138/t290-split
003,,,True,True,https://www.studenac.hr/trgovine/148/t003-split
421,,,True,False,https://www.studenac.hr/trgovine/151/t421-split
731,,,True,False,https://www.studenac.hr/trgovine/677/t731-split
038,,,True,True,https://www.studenac.hr/trgovine/166/t038-split
732,,,True,False,https://www.studenac.hr/trgovine/679/t732-split
073,,,True,False,https://www.studenac.hr/trgovine/194/t073-split
1614,,,True,False,https://www.studenac.hr/trgovine/1474/t1614-split
035,,,True,False,https://www.studenac.hr/trgovine/228/t035-split
791,,,True,False,https://www.studenac.hr/trgovine/742/t791-split
1657,,,True,True,https://www.studenac.hr/trgovine/1511/t1657-split
203,,,True,True,https://www.studenac.hr/trgovine/236/t203-split
1708,,,True,False,https://www.studenac.hr/trgovine/1535/t1708-split
603,,,False,False,https://www.studenac.hr/trgovine/577/t603-srebreno
686,,,True,True,https://www.studenac.hr/trgovine/621/t686-stankovci
1030,,,True,True,https://www.studenac.hr/trgovine/1310/t1030-stara-subocka
026,,,True,False,https://www.studenac.hr/trgovine/159/t026-stari-grad
050,,,True,False,https://www.studenac.hr/trgovine/171/t050-stari-grad
1251,,,False,False,https://www.studenac.hr/trgovine/1027/t1251-starigrad
651,,,True,False,https://www.studenac.hr/trgovine/609/t651-starigrad
1622,,,False,False,https://www.studenac.hr/trgovine/1471/t1622-starigrad
1743,,,True,False,https://www.studenac.hr/trgovine/1610/t1743-staro-petrovo-selo
1089,,,True,True,https://www.studenac.hr/trgovine/927/t1089-staro-pracno
1066,,,True,False,https://www.studenac.hr/trgovine/911/t1066-staza
904,,,True,True,https://www.studenac.hr/trgovine/816/t904-stobrec
407,,,True,False,https://www.studenac.hr/trgovine/34/t407-ston
132,,,True,False,https://www.studenac.hr/trgovine/344/t132-ston
1686,,,True,True,https://www.studenac.hr/trgovine/1540/t1686-strmec-samoborski
1581,,,True,True,https://www.studenac.hr/trgovine/1444/t1581-strmec-samoborski
1603,,,True,False,https://www.studenac.hr/trgovine/1445/t1603-strmec-samoborski
1045,,,True,False,https://www.studenac.hr/trgovine/898/t1045-struzec
1105,,,False,False,https://www.studenac.hr/trgovine/938/t1105-stubalj
1358,,,True,True,https://www.studenac.hr/trgovine/1115/t1358-stubicke-toplice
1542,,,False,False,https://www.studenac.hr/trgovine/1411/t1542-subotica-podravska
438,,,False,False,https://www.studenac.hr/trgovine/398/t438-sucuraj
1267,,,False,True,https://www.studenac.hr/trgovine/1039/t1267-suha-katalena
1547,,,False,True,https://www.studenac.hr/trgovine/1422/t1547-suhopolje
694,,,True,False,https://www.studenac.hr/trgovine/620/t694-suhovare
258,,,True,False,https://www.studenac.hr/trgovine/300/t258-sukosan
648,,,True,True,https://www.studenac.hr/trgovine/592/t648-sukosan
684,,,True,False,https://www.studenac.hr/trgovine/638/t684-sukosan
205,,,True,False,https://www.studenac.hr/trgovine/239/t205-sukosan
1063,,,True,True,https://www.studenac.hr/trgovine/908/t1063-sunja
1064,,,True,False,https://www.studenac.hr/trgovine/909/t1064-sunja
1065,,,True,False,https://www.studenac.hr/trgovine/910/t1065-sunja
256,,,False,False,https://www.studenac.hr/trgovine/289/t256-supetar
021,,,True,False,https://www.studenac.hr/trgovine/290/t021-supetar
353,,,True,False,https://www.studenac.hr/trgovine/83/t353-supetar
133,,,False,False,https://www.studenac.hr/trgovine/350/t133-supetar
077,,,True,False,https://www.studenac.hr/trgovine/196/t077-supetar
079,,,True,False,https://www.studenac.hr/trgovine/197/t079-supetar
207,,,True,False,https://www.studenac.hr/trgovine/237/t207-supetar
386,,,True,False,https://www.studenac.hr/trgovine/291/t386-sutivan
762,,,True,False,https://www.studenac.hr/trgovine/697/t762-sutomiscica
1377,,,False,False,https://www.studenac.hr/trgovine/1211/t1377-sv-kriz-zacretje
699,,,True,True,https://www.studenac.hr/trgovine/637/t699-sv-petar
983,,,False,False,https://www.studenac.hr/trgovine/1456/t983-sv-petar-na-moru
1173,,,True,False,https://www.studenac.hr/trgovine/976/t1173-sveta-helena
874,,,True,False,https://www.studenac.hr/trgovine/786/t874-sveta-nedelja
768,,,True,False,https://www.studenac.hr/trgovine/710/t768-sveti-filip-i-jakov
770,,,True,False,https://www.studenac.hr/trgovine/712/t770-sveti-filip-i-jakov
775,,,False,False,https://www.studenac.hr/trgovine/733/t775-sveti-filip-i-jakov
218,,,True,False,https://www.studenac.hr/trgovine/242/t218-sveti-filip-i-jakov
223,,,False,False,https://www.studenac.hr/trgovine/247/t223-sveti-filip-i-jakov
985,,,False,False,https://www.studenac.hr/trgovine/1111/t985-sveti-ivan-zelina
1433,,,True,True,https://www.studenac.hr/trgovine/1365/t1433-sveti-ivan-zabno
1350,,,True,False,https://www.studenac.hr/trgovine/1186/t1350-sveti-kriz-zacretje
1355,,,True,True,https://www.studenac.hr/trgovine/1191/t1355-sveti-kriz-zacretje
1591,,,True,False,https://www.studenac.hr/trgovine/1596/t1591-sveti-lovrec-pazenaticki
745,,,True,False,https://www.studenac.hr/trgovine/709/t745-sveti-petar-na-moru
467,,,True,True,https://www.studenac.hr/trgovine/532/t467-sveti-petar-u-sumi
539,,,True,False,https://www.studenac.hr/trgovine/509/t539-sveti-petar-u-sumi
633,,,True,False,https://www.studenac.hr/trgovine/634/t633-svetvincenat
1452,,,True,True,https://www.studenac.hr/trgovine/1330/t1452-sandrovac
1263,,,True,False,https://www.studenac.hr/trgovine/1035/t1263-semovci
157,,,True,True,https://www.studenac.hr/trgovine/331/t157-sestanovac
418,,,True,True,https://www.studenac.hr/trgovine/17/t418-sibenik
420,,,True,True,https://www.studenac.hr/trgovine/22/t420-sibenik
414,,,True,True,https://www.studenac.hr/trgovine/25/t414-sibenik
451,,,True,True,https://www.studenac.hr/trgovine/543/t451-sibenik
397,,,True,False,https://www.studenac.hr/trgovine/46/t397-sibenik
363,,,True,False,https://www.studenac.hr/trgovine/74/t363-sibenik
355,,,True,False,https://www.studenac.hr/trgovine/81/t355-sibenik
316,,,True,False,https://www.studenac.hr/trgovine/101/t316-sibenik
315,,,False,True,https://www.studenac.hr/trgovine/120/t315-sibenik
957,,,True,False,https://www.studenac.hr/trgovine/1402/t957-sibenik
285,,,True,False,https://www.studenac.hr/trgovine/144/t285-sibenik
1625,,,False,False,https://www.studenac.hr/trgovine/1482/t1625-sibenik
201,,,True,False,https://www.studenac.hr/trgovine/234/t201-sibenik
787,,,True,False,https://www.studenac.hr/trgovine/749/t787-sibenik
793,,,True,True,https://www.studenac.hr/trgovine/750/t793-sibenik
206,,,True,False,https://www.studenac.hr/trgovine/240/t206-sibenik
988,,,True,False,https://www.studenac.hr/trgovine/1341/t988-sipanska-luka
645,,,True,True,https://www.studenac.hr/trgovine/639/t645-skabrnja
129,,,True,False,https://www.studenac.hr/trgovine/365/t129-solta
055,,,False,False,https://www.studenac.hr/trgovine/176/t055-solta
056,,,True,False,https://www.studenac.hr/trgovine/177/t056-solta
1488,,,True,False,https://www.studenac.hr/trgovine/1457/t1488-solta
1153,,,True,False,https://www.studenac.hr/trgovine/967/t1153-stakorovec
564,,,False,False,https://www.studenac.hr/trgovine/434/t564-tar
566,,,False,False,https://www.studenac.hr/trgovine/436/t566-tar
594,,,False,False,https://www.studenac.hr/trgovine/474/t594-tar
565,,,False,False,https://www.studenac.hr/trgovine/435/t565-tar-torre
1623,,,True,True,https://www.studenac.hr/trgovine/1490/t1623-tenja
415,,,False,False,https://www.studenac.hr/trgovine/26/t415-tisno
379,,,True,False,https://www.studenac.hr/trgovine/38/t379-tisno
1090,,,False,False,https://www.studenac.hr/trgovine/1245/t1090-tisina-erdedska
707,,,False,False,https://www.studenac.hr/trgovine/602/t707-tkon
746,,,True,False,https://www.studenac.hr/trgovine/706/t746-tkon
1219,,,True,False,https://www.studenac.hr/trgovine/1007/t1219-tomas
1098,,,True,False,https://www.studenac.hr/trgovine/1299/t1098-topusko
1100,,,True,False,https://www.studenac.hr/trgovine/936/t1100-topusko
1250,,,True,False,https://www.studenac.hr/trgovine/1026/t1250-torcec
1354,,,True,True,https://www.studenac.hr/trgovine/1190/t1354-trakoscan
1343,,,True,False,https://www.studenac.hr/trgovine/1292/t1343-trilj
464,,,True,True,https://www.studenac.hr/trgovine/542/t464-trilj
326,,,True,False,https://www.studenac.hr/trgovine/113/t326-trilj
308,,,True,False,https://www.studenac.hr/trgovine/127/t308-trilj
307,,,True,False,https://www.studenac.hr/trgovine/128/t307-trilj
195,,,True,False,https://www.studenac.hr/trgovine/211/t195-trilj
964,,,True,False,https://www.studenac.hr/trgovine/1241/t964-trilj
477,,,True,False,https://www.studenac.hr/trgovine/544/t477-trnbusi
1241,,,True,True,https://www.studenac.hr/trgovine/1326/t1241-trnoviticki-popovac
091,,,True,False,https://www.studenac.hr/trgovine/257/t091-trogir
208,,,True,False,https://www.studenac.hr/trgovine/268/t208-trogir
453,,,True,False,https://www.studenac.hr/trgovine/529/t453-trogir
018,,,True,False,https://www.studenac.hr/trgovine/287/t018-trogir
327,,,False,False,https://www.studenac.hr/trgovine/108/t327-trogir
321,,,True,False,https://www.studenac.hr/trgovine/116/t321-trogir
317,,,True,False,https://www.studenac.hr/trgovine/121/t317-trogir
099,,,True,True,https://www.studenac.hr/trgovine/208/t099-trogir
1440,,,True,True,https://www.studenac.hr/trgovine/1354/t1440-trojstveni-markovac
023,,,True,False,https://www.studenac.hr/trgovine/230/t023-trpanj
1230,,,True,False,https://www.studenac.hr/trgovine/1014/t1230-trstenik-nartski
921,,,True,False,https://www.studenac.hr/trgovine/1100/t921-trsteno
061,,,True,False,https://www.studenac.hr/trgovine/181/t061-tucepi
457,,,False,False,https://www.studenac.hr/trgovine/727/t457-tucepi
089,,,True,False,https://www.studenac.hr/trgovine/220/t089-tucepi
1381,,,True,False,https://www.studenac.hr/trgovine/1215/t1381-tuhelj
1359,,,True,True,https://www.studenac.hr/trgovine/1195/t1359-tuheljske-toplice
1229,,,True,True,https://www.studenac.hr/trgovine/1176/t1229-tuk
664,,,True,False,https://www.studenac.hr/trgovine/603/t664-ugljan
672,,,False,False,https://www.studenac.hr/trgovine/605/t672-ugljan
755,,,False,False,https://www.studenac.hr/trgovine/699/t755-ugljan
754,,,True,False,https://www.studenac.hr/trgovine/700/t754-ugljan
1246,,,True,False,https://www.studenac.hr/trgovine/1022/t1246-uljanik
1590,,,True,True,https://www.studenac.hr/trgovine/1594/t1590-umag
1651,,,True,True,https://www.studenac.hr/trgovine/1483/t1651-umag
437,,,False,False,https://www.studenac.hr/trgovine/401/t437-umag-umago
559,,,False,False,https://www.studenac.hr/trgovine/427/t559-umag-umago
489,,,True,False,https://www.studenac.hr/trgovine/429/t489-umag-umago
577,,,False,False,https://www.studenac.hr/trgovine/450/t577-umag-umago
578,,,False,False,https://www.studenac.hr/trgovine/451/t578-umag-umago
523,,,True,False,https://www.studenac.hr/trgovine/488/t523-umag-umago
1199,,,True,False,https://www.studenac.hr/trgovine/1322/t1199-uskoci
926,,,True,False,https://www.studenac.hr/trgovine/835/t926-varazdin
1639,,,True,False,https://www.studenac.hr/trgovine/1469/t1639-varazdin
1695,,,True,True,https://www.studenac.hr/trgovine/1514/t1695-varazdin
869,,,True,True,https://www.studenac.hr/trgovine/787/t869-vela-luka
104,,,True,False,https://www.studenac.hr/trgovine/294/t104-vela-luka
115,,,False,False,https://www.studenac.hr/trgovine/295/t115-vela-luka
119,,,True,False,https://www.studenac.hr/trgovine/296/t119-vela-luka
112,,,True,False,https://www.studenac.hr/trgovine/361/t112-vela-luka
939,,,True,False,https://www.studenac.hr/trgovine/833/t939-veli-brgud
655,,,True,False,https://www.studenac.hr/trgovine/651/t655-veli-iz
920,,,True,False,https://www.studenac.hr/trgovine/828/t920-velika-gorica
950,,,True,True,https://www.studenac.hr/trgovine/1097/t950-velika-gorica
1700,,,True,True,https://www.studenac.hr/trgovine/1617/t1700-velika-gorica
973,,,True,False,https://www.studenac.hr/trgovine/1108/t973-velika-gorica
1529,,,True,False,https://www.studenac.hr/trgovine/1392/t1529-velika-gorica
1385,,,True,False,https://www.studenac.hr/trgovine/1217/t1385-velika-horvatska
1037,,,True,False,https://www.studenac.hr/trgovine/894/t1037-velika-ludina
1038,,,True,True,https://www.studenac.hr/trgovine/895/t1038-velika-ludina
1284,,,True,True,https://www.studenac.hr/trgovine/1054/t1284-velika-mucna
1151,,,True,False,https://www.studenac.hr/trgovine/966/t1151-velika-ostrna
1387,,,True,False,https://www.studenac.hr/trgovine/1219/t1387-velika-petrovagorska
1430,,,True,True,https://www.studenac.hr/trgovine/1357/t1430-velika-pisanica
1234,,,True,False,https://www.studenac.hr/trgovine/1017/t1234-velika-pisanica
1427,,,True,True,https://www.studenac.hr/trgovine/1287/t1427-veliki-grevac
1421,,,True,False,https://www.studenac.hr/trgovine/1294/t1421-veliki-grevac
1431,,,True,True,https://www.studenac.hr/trgovine/1298/t1431-veliki-zdenci
1236,,,True,False,https://www.studenac.hr/trgovine/1178/t1236-veliki-zdenci
1076,,,True,False,https://www.studenac.hr/trgovine/917/t1076-veliko-svinjicko
1417,,,True,True,https://www.studenac.hr/trgovine/1250/t1417-veliko-trojstvo
1235,,,True,False,https://www.studenac.hr/trgovine/1018/t1235-veliko-trojstvo
1517,,,False,False,https://www.studenac.hr/trgovine/1403/t1517-vid
730,,,True,False,https://www.studenac.hr/trgovine/683/t730-viganj
1722,,,True,False,https://www.studenac.hr/trgovine/1581/t1722-vinkovci
1629,,,True,False,https://www.studenac.hr/trgovine/1476/t1629-vinkovci
1631,,,True,True,https://www.studenac.hr/trgovine/1488/t1631-vinkovci
1598,,,True,False,https://www.studenac.hr/trgovine/1573/t1598-vinkuran
948,,,True,False,https://www.studenac.hr/trgovine/1339/t948-vinjerac
382,,,False,False,https://www.studenac.hr/trgovine/42/t382-vir
343,,,True,True,https://www.studenac.hr/trgovine/92/t343-vir
703,,,True,False,https://www.studenac.hr/trgovine/611/t703-vir
649,,,False,False,https://www.studenac.hr/trgovine/672/t649-vir
714,,,False,False,https://www.studenac.hr/trgovine/725/t714-vir
1278,,,True,True,https://www.studenac.hr/trgovine/1048/t1278-virje
1725,,,True,False,https://www.studenac.hr/trgovine/1602/t1725-virovitica
1736,,,True,True,https://www.studenac.hr/trgovine/1609/t1736-virovitica
1495,,,True,True,https://www.studenac.hr/trgovine/1374/t1495-virovitica
1516,,,True,False,https://www.studenac.hr/trgovine/1389/t1516-virovitica
383,,,False,False,https://www.studenac.hr/trgovine/45/t383-vis
151,,,True,False,https://www.studenac.hr/trgovine/337/t151-vis
1628,,,False,False,https://www.studenac.hr/trgovine/1475/t1628-vis
217,,,True,False,https://www.studenac.hr/trgovine/241/t217-vis
214,,,True,True,https://www.studenac.hr/trgovine/254/t214-vis
704,,,True,False,https://www.studenac.hr/trgovine/624/t704-visocane
873,,,True,False,https://www.studenac.hr/trgovine/801/t873-viskovo
1601,,,True,False,https://www.studenac.hr/trgovine/1458/t1601-viskovo
546,,,True,False,https://www.studenac.hr/trgovine/517/t546-visnjan-visignano
488,,,True,True,https://www.studenac.hr/trgovine/425/t488-visnjan-visignano
702,,,True,False,https://www.studenac.hr/trgovine/632/t702-vlasic
908,,,True,True,https://www.studenac.hr/trgovine/1089/t908-vodice
149,,,True,False,https://www.studenac.hr/trgovine/336/t149-vodice
882,,,True,False,https://www.studenac.hr/trgovine/790/t882-vodnjan
886,,,True,False,https://www.studenac.hr/trgovine/794/t886-vodnjan
1584,,,True,True,https://www.studenac.hr/trgovine/1592/t1584-vodnjan
1248,,,True,False,https://www.studenac.hr/trgovine/1024/t1248-vojnic
1050,,,True,True,https://www.studenac.hr/trgovine/902/t1050-voloder
1707,,,True,True,https://www.studenac.hr/trgovine/1584/t1707-volosko
1363,,,True,False,https://www.studenac.hr/trgovine/1199/t1363-vrbno
1197,,,True,True,https://www.studenac.hr/trgovine/990/t1197-vrbova
1600,,,True,False,https://www.studenac.hr/trgovine/1440/t1600-vrbovec
1190,,,False,False,https://www.studenac.hr/trgovine/987/t1190-vrbovljani
796,,,True,False,https://www.studenac.hr/trgovine/753/t796-vrbovsko
1103,,,True,True,https://www.studenac.hr/trgovine/1321/t1103-vrginmost
1102,,,True,False,https://www.studenac.hr/trgovine/937/t1102-vrginmost
169,,,True,True,https://www.studenac.hr/trgovine/323/t169-vrgorac
166,,,True,False,https://www.studenac.hr/trgovine/327/t166-vrgorac
138,,,True,True,https://www.studenac.hr/trgovine/345/t138-vrgorac
340,,,True,False,https://www.studenac.hr/trgovine/95/t340-vrgorac
339,,,True,False,https://www.studenac.hr/trgovine/96/t339-vrgorac
338,,,False,False,https://www.studenac.hr/trgovine/97/t338-vrgorac
059,,,True,False,https://www.studenac.hr/trgovine/180/t059-vrlika
084,,,True,True,https://www.studenac.hr/trgovine/202/t084-vrlika
535,,,True,True,https://www.studenac.hr/trgovine/500/t535-vrsar-orsera
536,,,True,False,https://www.studenac.hr/trgovine/501/t536-vrsar-orsera
1163,,,True,True,https://www.studenac.hr/trgovine/1305/t1163-vugrovec
1559,,,True,False,https://www.studenac.hr/trgovine/1419/t1559-vukovar
1630,,,True,True,https://www.studenac.hr/trgovine/1477/t1630-vukovar
656,,,True,False,https://www.studenac.hr/trgovine/599/t656-vuksic
1361,,,True,True,https://www.studenac.hr/trgovine/1197/t1361-zabok
1370,,,True,False,https://www.studenac.hr/trgovine/1206/t1370-zabok
1378,,,True,True,https://www.studenac.hr/trgovine/1212/t1378-zabok
455,,,True,False,https://www.studenac.hr/trgovine/537/t455-zadar
148,,,True,True,https://www.studenac.hr/trgovine/293/t148-zadar
454,,,False,False,https://www.studenac.hr/trgovine/552/t454-zadar
402,,,True,False,https://www.studenac.hr/trgovine/44/t402-zadar
461,,,True,True,https://www.studenac.hr/trgovine/561/t461-zadar
652,,,True,True,https://www.studenac.hr/trgovine/588/t652-zadar
653,,,True,False,https://www.studenac.hr/trgovine/589/t653-zadar
692,,,True,False,https://www.studenac.hr/trgovine/593/t692-zadar
646,,,True,False,https://www.studenac.hr/trgovine/595/t646-zadar
1410,,,True,False,https://www.studenac.hr/trgovine/1620/t1410-zadar
685,,,True,False,https://www.studenac.hr/trgovine/597/t685-zadar
1513,,,True,False,https://www.studenac.hr/trgovine/1376/t1513-zadar
706,,,True,False,https://www.studenac.hr/trgovine/610/t706-zadar
705,,,True,True,https://www.studenac.hr/trgovine/625/t705-zadar
693,,,True,False,https://www.studenac.hr/trgovine/644/t693-zadar
637,,,True,False,https://www.studenac.hr/trgovine/646/t637-zadar
639,,,True,True,https://www.studenac.hr/trgovine/658/t639-zadar
1515,,,True,False,https://www.studenac.hr/trgovine/1426/t1515-zadar
638,,,True,False,https://www.studenac.hr/trgovine/659/t638-zadar
640,,,True,False,https://www.studenac.hr/trgovine/660/t640-zadar
642,,,True,False,https://www.studenac.hr/trgovine/661/t642-zadar
659,,,True,True,https://www.studenac.hr/trgovine/662/t659-zadar
442,,,True,False,https://www.studenac.hr/trgovine/412/t442-zadar
626,,,True,False,https://www.studenac.hr/trgovine/671/t626-zadar
1604,,,True,False,https://www.studenac.hr/trgovine/1441/t1604-zadar
733,,,True,False,https://www.studenac.hr/trgovine/676/t733-zadar
080,,,True,False,https://www.studenac.hr/trgovine/198/t080-zadar
979,,,True,False,https://www.studenac.hr/trgovine/1238/t979-zadar
204,,,True,False,https://www.studenac.hr/trgovine/238/t204-zadar
798,,,True,False,https://www.studenac.hr/trgovine/765/t798-zadar
817,,,True,True,https://www.studenac.hr/trgovine/768/t817-zagreb
1615,,,True,True,https://www.studenac.hr/trgovine/1536/t1615-zagreb
807,,,True,False,https://www.studenac.hr/trgovine/770/t807-zagreb
866,,,True,True,https://www.studenac.hr/trgovine/772/t866-zagreb
1684,,,True,True,https://www.studenac.hr/trgovine/1541/t1684-zagreb
867,,,True,True,https://www.studenac.hr/trgovine/774/t867-zagreb
1685,,,True,False,https://www.studenac.hr/trgovine/1542/t1685-zagreb
1687,,,True,True,https://www.studenac.hr/trgovine/1543/t1687-zagreb
990,,,True,True,https://www.studenac.hr/trgovine/1288/t990-zagreb
1676,,,True,True,https://www.studenac.hr/trgovine/1544/t1676-zagreb
1398,,,True,True,https://www.studenac.hr/trgovine/1289/t1398-zagreb
1691,,,True,True,https://www.studenac.hr/trgovine/1545/t1691-zagreb
1464,,,True,False,https://www.studenac.hr/trgovine/1290/t1464-zagreb
1692,,,True,False,https://www.studenac.hr/trgovine/1546/t1692-zagreb
1693,,,True,True,https://www.studenac.hr/trgovine/1547/t1693-zagreb
1694,,,True,True,https://www.studenac.hr/trgovine/1548/t1694-zagreb
1667,,,True,False,https://www.studenac.hr/trgovine/1549/t1667-zagreb
1689,,,True,True,https://www.studenac.hr/trgovine/1551/t1689-zagreb
1681,,,True,False,https://www.studenac.hr/trgovine/1552/t1681-zagreb
1663,,,True,True,https://www.studenac.hr/trgovine/1553/t1663-zagreb
1664,,,True,True,https://www.studenac.hr/trgovine/1554/t1664-zagreb
1670,,,True,False,https://www.studenac.hr/trgovine/1555/t1670-zagreb
1673,,,True,True,https://www.studenac.hr/trgovine/1556/t1673-zagreb
1665,,,True,False,https://www.studenac.hr/trgovine/1557/t1665-zagreb
1137,,,False,True,https://www.studenac.hr/trgovine/1302/t1137-zagreb
1141,,,True,True,https://www.studenac.hr/trgovine/1303/t1141-zagreb
1134,,,True,False,https://www.studenac.hr/trgovine/1304/t1134-zagreb
1133,,,True,False,https://www.studenac.hr/trgovine/1306/t1133-zagreb
1123,,,True,True,https://www.studenac.hr/trgovine/1308/t1123-zagreb
1140,,,False,False,https://www.studenac.hr/trgovine/1309/t1140-zagreb
877,,,True,True,https://www.studenac.hr/trgovine/803/t877-zagreb
1680,,,True,True,https://www.studenac.hr/trgovine/1576/t1680-zagreb
1702,,,True,True,https://www.studenac.hr/trgovine/1577/t1702-zagreb
1715,,,True,False,https://www.studenac.hr/trgovine/1578/t1715-zagreb
1131,,,True,True,https://www.studenac.hr/trgovine/1071/t1131-zagreb
1724,,,True,False,https://www.studenac.hr/trgovine/1583/t1724-zagreb
1147,,,True,False,https://www.studenac.hr/trgovine/1072/t1147-zagreb
1117,,,True,False,https://www.studenac.hr/trgovine/1329/t1117-zagreb
1573,,,True,False,https://www.studenac.hr/trgovine/1588/t1573-zagreb
931,,,True,False,https://www.studenac.hr/trgovine/831/t931-zagreb
1726,,,False,False,https://www.studenac.hr/trgovine/1600/t1726-zagreb
925,,,True,False,https://www.studenac.hr/trgovine/836/t925-zagreb
953,,,True,True,https://www.studenac.hr/trgovine/1092/t953-zagreb
1730,,,True,False,https://www.studenac.hr/trgovine/1604/t1730-zagreb
924,,,True,True,https://www.studenac.hr/trgovine/838/t924-zagreb
1741,,,True,False,https://www.studenac.hr/trgovine/1613/t1741-zagreb
1135,,,False,False,https://www.studenac.hr/trgovine/1358/t1135-zagreb
974,,,True,False,https://www.studenac.hr/trgovine/1105/t974-zagreb
1494,,,False,False,https://www.studenac.hr/trgovine/1361/t1494-zagreb
975,,,True,False,https://www.studenac.hr/trgovine/1107/t975-zagreb
1751,,,True,True,https://www.studenac.hr/trgovine/1622/t1751-zagreb
980,,,True,True,https://www.studenac.hr/trgovine/1112/t980-zagreb
1492,,,True,True,https://www.studenac.hr/trgovine/1369/t1492-zagreb
1497,,,True,True,https://www.studenac.hr/trgovine/1373/t1497-zagreb
1509,,,True,False,https://www.studenac.hr/trgovine/1375/t1509-zagreb
1520,,,True,True,https://www.studenac.hr/trgovine/1377/t1520-zagreb
1521,,,True,False,https://www.studenac.hr/trgovine/1378/t1521-zagreb
1522,,,True,False,https://www.studenac.hr/trgovine/1379/t1522-zagreb
934,,,True,True,https://www.studenac.hr/trgovine/1124/t934-zagreb
1524,,,True,False,https://www.studenac.hr/trgovine/1380/t1524-zagreb
1523,,,True,True,https://www.studenac.hr/trgovine/1381/t1523-zagreb
1525,,,True,True,https://www.studenac.hr/trgovine/1382/t1525-zagreb
1526,,,True,True,https://www.studenac.hr/trgovine/1383/t1526-zagreb
1527,,,True,True,https://www.studenac.hr/trgovine/1384/t1527-zagreb
947,,,True,True,https://www.studenac.hr/trgovine/1130/t947-zagreb
1472,,,True,False,https://www.studenac.hr/trgovine/1388/t1472-zagreb
1384,,,True,True,https://www.studenac.hr/trgovine/1133/t1384-zagreb
1514,,,True,False,https://www.studenac.hr/trgovine/1401/t1514-zagreb
1512,,,True,True,https://www.studenac.hr/trgovine/1404/t1512-zagreb
1121,,,True,False,https://www.studenac.hr/trgovine/1151/t1121-zagreb
1129,,,True,False,https://www.studenac.hr/trgovine/1152/t1129-zagreb
1130,,,True,False,https://www.studenac.hr/trgovine/1153/t1130-zagreb
1456,,,True,False,https://www.studenac.hr/trgovine/1409/t1456-zagreb
1136,,,True,True,https://www.studenac.hr/trgovine/1154/t1136-zagreb
1536,,,True,True,https://www.studenac.hr/trgovine/1412/t1536-zagreb
1558,,,True,False,https://www.studenac.hr/trgovine/1416/t1558-zagreb
1562,,,True,False,https://www.studenac.hr/trgovine/1421/t1562-zagreb
1563,,,True,True,https://www.studenac.hr/trgovine/1424/t1563-zagreb
1548,,,True,True,https://www.studenac.hr/trgovine/1427/t1548-zagreb
1415,,,True,False,https://www.studenac.hr/trgovine/1185/t1415-zagreb
1566,,,False,False,https://www.studenac.hr/trgovine/1442/t1566-zagreb
1572,,,True,False,https://www.studenac.hr/trgovine/1447/t1572-zagreb
739,,,True,False,https://www.studenac.hr/trgovine/684/t739-zagreb
1112,,,True,False,https://www.studenac.hr/trgovine/944/t1112-zagreb
1113,,,True,False,https://www.studenac.hr/trgovine/945/t1113-zagreb
1114,,,True,False,https://www.studenac.hr/trgovine/946/t1114-zagreb
1115,,,True,False,https://www.studenac.hr/trgovine/947/t1115-zagreb
1116,,,True,True,https://www.studenac.hr/trgovine/948/t1116-zagreb
1118,,,True,True,https://www.studenac.hr/trgovine/949/t1118-zagreb
1119,,,True,True,https://www.studenac.hr/trgovine/950/t1119-zagreb
1120,,,True,True,https://www.studenac.hr/trgovine/951/t1120-zagreb
1122,,,True,False,https://www.studenac.hr/trgovine/952/t1122-zagreb
1124,,,True,False,https://www.studenac.hr/trgovine/953/t1124-zagreb
1125,,,True,False,https://www.studenac.hr/trgovine/954/t1125-zagreb
1126,,,True,True,https://www.studenac.hr/trgovine/955/t1126-zagreb
1612,,,True,False,https://www.studenac.hr/trgovine/1467/t1612-zagreb
1127,,,False,False,https://www.studenac.hr/trgovine/956/t1127-zagreb
1613,,,True,False,https://www.studenac.hr/trgovine/1468/t1613-zagreb
1128,,,True,False,https://www.studenac.hr/trgovine/957/t1128-zagreb
1132,,,True,True,https://www.studenac.hr/trgovine/958/t1132-zagreb
1138,,,True,False,https://www.studenac.hr/trgovine/959/t1138-zagreb
1142,,,True,False,https://www.studenac.hr/trgovine/961/t1142-zagreb
1145,,,True,True,https://www.studenac.hr/trgovine/963/t1145-zagreb
1146,,,True,False,https://www.studenac.hr/trgovine/964/t1146-zagreb
1148,,,True,True,https://www.studenac.hr/trgovine/965/t1148-zagreb
1634,,,True,True,https://www.studenac.hr/trgovine/1478/t1634-zagreb
1642,,,True,True,https://www.studenac.hr/trgovine/1484/t1642-zagreb
1458,,,True,True,https://www.studenac.hr/trgovine/1229/t1458-zagreb
1401,,,True,False,https://www.studenac.hr/trgovine/1233/t1401-zagreb
1402,,,True,True,https://www.studenac.hr/trgovine/1234/t1402-zagreb
1403,,,True,True,https://www.studenac.hr/trgovine/1235/t1403-zagreb
1616,,,True,True,https://www.studenac.hr/trgovine/1493/t1616-zagreb
776,,,True,True,https://www.studenac.hr/trgovine/726/t776-zagreb
738,,,True,True,https://www.studenac.hr/trgovine/732/t738-zagreb
1705,,,True,False,https://www.studenac.hr/trgovine/1501/t1705-zagreb
777,,,True,False,https://www.studenac.hr/trgovine/734/t777-zagreb
782,,,True,False,https://www.studenac.hr/trgovine/735/t782-zagreb
1568,,,True,True,https://www.studenac.hr/trgovine/1507/t1568-zagreb
1645,,,True,True,https://www.studenac.hr/trgovine/1508/t1645-zagreb
1644,,,True,True,https://www.studenac.hr/trgovine/1510/t1644-zagreb
788,,,True,False,https://www.studenac.hr/trgovine/746/t788-zagreb
1660,,,True,True,https://www.studenac.hr/trgovine/1516/t1660-zagreb
1661,,,True,False,https://www.studenac.hr/trgovine/1517/t1661-zagreb
1662,,,True,True,https://www.studenac.hr/trgovine/1518/t1662-zagreb
1666,,,True,False,https://www.studenac.hr/trgovine/1519/t1666-zagreb
1671,,,True,True,https://www.studenac.hr/trgovine/1520/t1671-zagreb
1690,,,True,True,https://www.studenac.hr/trgovine/1521/t1690-zagreb
802,,,True,False,https://www.studenac.hr/trgovine/754/t802-zagreb
1659,,,True,False,https://www.studenac.hr/trgovine/1522/t1659-zagreb
1668,,,True,False,https://www.studenac.hr/trgovine/1523/t1668-zagreb
1669,,,True,True,https://www.studenac.hr/trgovine/1524/t1669-zagreb
1672,,,True,False,https://www.studenac.hr/trgovine/1525/t1672-zagreb
1349,,,True,False,https://www.studenac.hr/trgovine/1270/t1349-zagreb
1674,,,True,True,https://www.studenac.hr/trgovine/1526/t1674-zagreb
804,,,True,True,https://www.studenac.hr/trgovine/759/t804-zagreb
1675,,,True,True,https://www.studenac.hr/trgovine/1527/t1675-zagreb
1677,,,True,False,https://www.studenac.hr/trgovine/1528/t1677-zagreb
1678,,,True,False,https://www.studenac.hr/trgovine/1529/t1678-zagreb
805,,,True,True,https://www.studenac.hr/trgovine/762/t805-zagreb
1679,,,True,False,https://www.studenac.hr/trgovine/1530/t1679-zagreb
1714,,,True,False,https://www.studenac.hr/trgovine/1532/t1714-zagreb
1460,,,True,False,https://www.studenac.hr/trgovine/1231/t1460-zapresic
1400,,,True,False,https://www.studenac.hr/trgovine/1232/t1400-zapresic
1340,,,True,False,https://www.studenac.hr/trgovine/1265/t1340-zapresic
853,,,True,False,https://www.studenac.hr/trgovine/873/t853-zaton
248,,,True,False,https://www.studenac.hr/trgovine/372/t248-zaton
666,,,True,False,https://www.studenac.hr/trgovine/657/t666-zaton
854,,,False,False,https://www.studenac.hr/trgovine/1278/t854-zaton
993,,,False,False,https://www.studenac.hr/trgovine/1446/t993-zaton-nin
711,,,True,True,https://www.studenac.hr/trgovine/616/t711-zemunik-donji
123,,,True,False,https://www.studenac.hr/trgovine/233/t123-zemunik-donji
678,,,True,False,https://www.studenac.hr/trgovine/631/t678-zemunik-gornji
389,,,True,True,https://www.studenac.hr/trgovine/40/t389-zmijavci
388,,,True,False,https://www.studenac.hr/trgovine/49/t388-zmijavci
893,,,True,False,https://www.studenac.hr/trgovine/1122/t893-zmijavci
1243,,,True,True,https://www.studenac.hr/trgovine/1087/t1243-zrinski-topolovac
680,,,False,False,https://www.studenac.hr/trgovine/633/t680-zverinac
196,,,True,False,https://www.studenac.hr/trgovine/212/t196-zaboric
1275,,,True,False,https://www.studenac.hr/trgovine/1046/t1275-zdala
1218,,,True,True,https://www.studenac.hr/trgovine/1006/t1218-zdralovi
764,,,True,False,https://www.studenac.hr/trgovine/704/t764-zdrelac
747,,,False,False,https://www.studenac.hr/trgovine/705/t747-zdrelac
870,,,False,False,https://www.studenac.hr/trgovine/806/t870-zivogosce
1587,,,True,False,https://www.studenac.hr/trgovine/1562/t1587-zminj
531,,,True,True,https://www.studenac.hr/trgovine/496/t531-zminj
188,,,True,False,https://www.studenac.hr/trgovine/66/t188-zrnovnica
360,,,True,False,https://www.studenac.hr/trgovine/78/t360-zrnovnica
352,,,True,False,https://www.studenac.hr/trgovine/87/t352-zuljana
405,,,True,False,https://www.studenac.hr/trgovine/35/t405-zupa-dubrovacka
855,,,True,True,https://www.studenac.hr/trgovine/874/t855-zupa-dubrovacka
